2188370016698096; ACC; -1.111743; 4.255693; 9.737822; 0.000000; 0.000000; 0.000000
2188370017549096; GYRO; 0.093235; 0.042272; -0.093410; 0.000000; 0.000000; 0.000000
2188370036551221; ACC; -1.646014; 3.893959; 8.636489; 0.000000; 0.000000; 0.000000
2188370037402221; GYRO; -0.066340; -0.110689; -0.195425; 0.000000; 0.000000; 0.000000
2188370056404346; ACC; -1.464610; 3.758811; 9.180835; 0.000000; 0.000000; 0.000000
2188370057255346; GYRO; -0.273598; -0.270735; -0.106622; 0.000000; 0.000000; 0.000000
2188370076257471; ACC; -1.111254; 3.941862; 9.979665; 0.000000; 0.000000; 0.000000
2188370077108471; GYRO; -0.303164; -0.113254; -0.086045; 0.000000; 0.000000; 0.000000
2188370096109033; ACC; -0.865169; 3.744072; 10.167408; 0.000000; 0.000000; 0.000000
2188370096960033; GYRO; -0.233560; 0.170903; -0.175440; 0.000000; 0.000000; 0.000000
2188370115962158; ACC; -1.335141; 3.551942; 9.871400; 0.000000; 0.000000; 0.000000
2188370116813158; GYRO; -0.143065; 0.233595; -0.153502; 0.000000; 0.000000; 0.000000
2188370135813721; ACC; -1.645535; 3.810200; 9.783762; 0.000000; 0.000000; 0.000000
2188370136664721; GYRO; -0.050684; -0.004695; -0.045483; 0.000000; 0.000000; 0.000000
2188370155666846; ACC; -1.304332; 3.673452; 9.760586; 0.000000; 0.000000; 0.000000
2188370156517846; GYRO; 0.056985; -0.216438; -0.012008; 0.000000; 0.000000; 0.000000
2188370175519971; ACC; -1.305328; 3.573346; 9.407087; 0.000000; 0.000000; 0.000000
2188370176370971; GYRO; 0.022864; -0.134355; -0.046827; 0.000000; 0.000000; 0.000000
2188370195373096; ACC; -1.454382; 3.509881; 9.606916; 0.000000; 0.000000; 0.000000
2188370196224096; GYRO; -0.074211; 0.004136; -0.065834; 0.000000; 0.000000; 0.000000
2188370215224658; ACC; -1.580633; 3.555428; 9.841337; 0.000000; 0.000000; 0.000000
2188370216075658; GYRO; -0.067248; 0.042237; -0.049707; 0.000000; 0.000000; 0.000000
2188370235077783; ACC; -1.578727; 3.636447; 9.858240; 0.000000; 0.000000; 0.000000
2188370235928783; GYRO; -0.010315; -0.045536; -0.014504; 0.000000; 0.000000; 0.000000
2188370254929346; ACC; -1.495284; 3.634149; 9.740857; 0.000000; 0.000000; 0.000000
2188370255780346; GYRO; 0.027105; -0.109781; -0.015691; 0.000000; 0.000000; 0.000000
2188370274782471; ACC; -1.505694; 3.438706; 9.486766; 0.000000; 0.000000; 0.000000
2188370275633471; GYRO; 0.009844; -0.090391; -0.017802; 0.000000; 0.000000; 0.000000
2188370294635596; ACC; -1.611633; 3.472043; 9.390692; 0.000000; 0.000000; 0.000000
2188370295486596; GYRO; -0.058469; -0.080861; 0.033371; 0.000000; 0.000000; 0.000000
2188370314487158; ACC; -1.392669; 3.562984; 9.645769; 0.000000; 0.000000; 0.000000
2188370315338158; GYRO; -0.101229; -0.078732; 0.063600; 0.000000; 0.000000; 0.000000
2188370334340283; ACC; -0.994034; 3.558071; 9.914762; 0.000000; 0.000000; 0.000000
2188370335191283; GYRO; -0.064979; -0.035832; 0.010455; 0.000000; 0.000000; 0.000000
2188370354193408; ACC; -1.133032; 3.454335; 9.764694; 0.000000; 0.000000; 0.000000
2188370355044408; GYRO; 0.003578; -0.026407; -0.041539; 0.000000; 0.000000; 0.000000
2188370374046533; ACC; -1.570433; 3.516900; 9.497070; 0.000000; 0.000000; 0.000000
2188370374897533; GYRO; 0.004660; -0.111631; 0.008395; 0.000000; 0.000000; 0.000000
2188370393899658; ACC; -1.329950; 3.532501; 9.537293; 0.000000; 0.000000; 0.000000
2188370394750658; GYRO; -0.009006; -0.142803; 0.066864; 0.000000; 0.000000; 0.000000
2188370413752783; ACC; -1.023320; 3.633431; 9.694390; 0.000000; 0.000000; 0.000000
2188370414603783; GYRO; -0.022358; 0.000384; 0.043162; 0.000000; 0.000000; 0.000000
2188370433604346; ACC; -1.029258; 3.600362; 9.595406; 0.000000; 0.000000; 0.000000
2188370434455346; GYRO; -0.046600; 0.044122; -0.006580; 0.000000; 0.000000; 0.000000
2188370453455908; ACC; -1.192916; 3.700967; 9.721081; 0.000000; 0.000000; 0.000000
2188370454306908; GYRO; -0.067719; -0.040090; -0.018169; 0.000000; 0.000000; 0.000000
2188370473309033; ACC; -1.186767; 3.728988; 9.867980; 0.000000; 0.000000; 0.000000
2188370474160033; GYRO; -0.028641; -0.088034; -0.032079; 0.000000; 0.000000; 0.000000
2188370493162158; ACC; -1.203853; 3.729984; 9.785964; 0.000000; 0.000000; 0.000000
2188370494013158; GYRO; -0.032690; -0.096569; -0.040492; 0.000000; 0.000000; 0.000000
2188370513013721; ACC; -1.123062; 3.593017; 10.091790; 0.000000; 0.000000; 0.000000
2188370513864721; GYRO; -0.032446; -0.096953; -0.031765; 0.000000; 0.000000; 0.000000
2188370532866846; ACC; -1.250415; 3.604107; 10.262727; 0.000000; 0.000000; 0.000000
2188370533717846; GYRO; 0.057352; -0.068277; -0.003229; 0.000000; 0.000000; 0.000000
2188370552719971; ACC; -1.269138; 3.641744; 10.033410; 0.000000; 0.000000; 0.000000
2188370553570971; GYRO; 0.173189; -0.132680; 0.028676; 0.000000; 0.000000; 0.000000
2188370572573096; ACC; -1.153392; 3.618654; 9.630198; 0.000000; 0.000000; 0.000000
2188370573424096; GYRO; 0.185930; -0.135612; 0.019460; 0.000000; 0.000000; 0.000000
2188370592424658; ACC; -1.152032; 3.633000; 9.430943; 0.000000; 0.000000; 0.000000
2188370593275658; GYRO; 0.112801; -0.097843; 0.006754; 0.000000; 0.000000; 0.000000
2188370612277783; ACC; -1.130772; 3.591523; 9.485425; 0.000000; 0.000000; 0.000000
2188370613128783; GYRO; 0.042830; -0.032201; -0.013230; 0.000000; 0.000000; 0.000000
2188370632130908; ACC; -1.197675; 3.569103; 9.541104; 0.000000; 0.000000; 0.000000
2188370632981908; GYRO; -0.009879; 0.023824; -0.028536; 0.000000; 0.000000; 0.000000
2188370651982471; ACC; -1.241480; 3.526008; 9.701286; 0.000000; 0.000000; 0.000000
2188370652833471; GYRO; -0.007592; -0.003351; -0.004922; 0.000000; 0.000000; 0.000000
2188370671835596; ACC; -1.303815; 3.579035; 9.614444; 0.000000; 0.000000; 0.000000
2188370672686596; GYRO; 0.013491; -0.033545; 0.021817; 0.000000; 0.000000; 0.000000
2188370691688721; ACC; -1.213123; 3.508118; 9.675774; 0.000000; 0.000000; 0.000000
2188370692539721; GYRO; 0.002112; -0.036268; 0.038258; 0.000000; 0.000000; 0.000000
2188370711541846; ACC; -1.202722; 3.501788; 9.701277; 0.000000; 0.000000; 0.000000
2188370712392846; GYRO; -0.002339; -0.032742; 0.055170; 0.000000; 0.000000; 0.000000
2188370731393408; ACC; -1.197034; 3.609058; 9.677296; 0.000000; 0.000000; 0.000000
2188370732244408; GYRO; -0.016668; -0.033318; 0.079587; 0.000000; 0.000000; 0.000000
2188370751246533; ACC; -1.047741; 3.687023; 9.749026; 0.000000; 0.000000; 0.000000
2188370752097533; GYRO; -0.018326; -0.054437; 0.084788; 0.000000; 0.000000; 0.000000
2188370771098096; ACC; -0.821048; 3.712698; 9.784203; 0.000000; 0.000000; 0.000000
2188370771949096; GYRO; -0.022532; -0.023126; 0.040300; 0.000000; 0.000000; 0.000000
2188370790951221; ACC; -0.976489; 3.647164; 9.852532; 0.000000; 0.000000; 0.000000
2188370791802221; GYRO; -0.014521; -0.014975; 0.009512; 0.000000; 0.000000; 0.000000
2188370810804346; ACC; -1.104005; 3.653887; 9.907006; 0.000000; 0.000000; 0.000000
2188370811655346; GYRO; 0.018082; -0.044733; 0.030892; 0.000000; 0.000000; 0.000000
2188370830657471; ACC; -1.102434; 3.784103; 9.959678; 0.000000; 0.000000; 0.000000
2188370831508471; GYRO; 0.069726; -0.044995; 0.062169; 0.000000; 0.000000; 0.000000
2188370850509033; ACC; -0.955191; 3.697615; 9.656888; 0.000000; 0.000000; 0.000000
2188370851360033; GYRO; 0.099135; -0.030142; 0.075433; 0.000000; 0.000000; 0.000000
2188370870362158; ACC; -0.923693; 3.778404; 9.486622; 0.000000; 0.000000; 0.000000
2188370871213158; GYRO; 0.047316; -0.041574; 0.060423; 0.000000; 0.000000; 0.000000
2188370890215283; ACC; -0.683880; 3.770839; 9.595519; 0.000000; 0.000000; 0.000000
2188370891066283; GYRO; -0.005341; -0.027140; 0.003491; 0.000000; 0.000000; 0.000000
2188370910066846; ACC; -0.881622; 3.800058; 9.669338; 0.000000; 0.000000; 0.000000
2188370910917846; GYRO; -0.037298; -0.000489; -0.022567; 0.000000; 0.000000; 0.000000
2188370929919971; ACC; -0.957834; 3.800766; 9.753623; 0.000000; 0.000000; 0.000000
2188370930770971; GYRO; -0.027803; -0.032062; -0.005131; 0.000000; 0.000000; 0.000000
2188370949773096; ACC; -0.805936; 3.751637; 9.750511; 0.000000; 0.000000; 0.000000
2188370950624096; GYRO; -0.004189; -0.025656; 0.009529; 0.000000; 0.000000; 0.000000
2188370969626221; ACC; -0.777771; 3.782254; 9.673648; 0.000000; 0.000000; 0.000000
2188370970477221; GYRO; -0.009076; -0.018221; -0.005812; 0.000000; 0.000000; 0.000000
2188370989477783; ACC; -0.746244; 3.774957; 9.687955; 0.000000; 0.000000; 0.000000
2188370990328783; GYRO; -0.040335; -0.017802; -0.038048; 0.000000; 0.000000; 0.000000
2188371009330908; ACC; -0.793659; 3.679007; 9.900302; 0.000000; 0.000000; 0.000000
2188371010181908; GYRO; -0.021555; -0.018727; -0.056357; 0.000000; 0.000000; 0.000000
2188371029184033; ACC; -0.916807; 3.600611; 9.844373; 0.000000; 0.000000; 0.000000
2188371030035033; GYRO; 0.019007; -0.041015; -0.052255; 0.000000; 0.000000; 0.000000
2188371049035596; ACC; -1.000901; 3.628470; 9.754131; 0.000000; 0.000000; 0.000000
2188371049886596; GYRO; 0.038729; -0.037176; -0.045640; 0.000000; 0.000000; 0.000000
2188371068888721; ACC; -1.058323; 3.548829; 9.614032; 0.000000; 0.000000; 0.000000
2188371069739721; GYRO; 0.043982; -0.020246; -0.028362; 0.000000; 0.000000; 0.000000
2188371088741846; ACC; -1.037992; 3.582904; 9.494331; 0.000000; 0.000000; 0.000000
2188371089592846; GYRO; 0.009913; -0.018553; -0.013614; 0.000000; 0.000000; 0.000000
2188371108594971; ACC; -1.016090; 3.517676; 9.618198; 0.000000; 0.000000; 0.000000
2188371109445971; GYRO; -0.016930; -0.000611; -0.025726; 0.000000; 0.000000; 0.000000
2188371128446533; ACC; -1.069672; 3.524974; 9.683856; 0.000000; 0.000000; 0.000000
2188371129297533; GYRO; -0.009844; 0.007383; -0.010140; 0.000000; 0.000000; 0.000000
2188371148299658; ACC; -1.021261; 3.514305; 9.674960; 0.000000; 0.000000; 0.000000
2188371149150658; GYRO; 0.006144; -0.002234; -0.011013; 0.000000; 0.000000; 0.000000
2188371168152783; ACC; -1.087877; 3.555275; 9.659101; 0.000000; 0.000000; 0.000000
2188371169003783; GYRO; 0.003630; -0.011432; -0.014835; 0.000000; 0.000000; 0.000000
2188371188004346; ACC; -1.098900; 3.465176; 9.647761; 0.000000; 0.000000; 0.000000
2188371188855346; GYRO; -0.011048; 0.005184; 0.007592; 0.000000; 0.000000; 0.000000
2188371207857471; ACC; -1.056389; 3.614747; 9.746593; 0.000000; 0.000000; 0.000000
2188371208708471; GYRO; -0.016895; 0.043354; 0.044838; 0.000000; 0.000000; 0.000000
2188371227710596; ACC; -0.888153; 3.610035; 9.742677; 0.000000; 0.000000; 0.000000
2188371228561596; GYRO; 0.008465; 0.053198; 0.055240; 0.000000; 0.000000; 0.000000
2188371247563721; ACC; -0.787328; 3.700545; 9.624739; 0.000000; 0.000000; 0.000000
2188371248414721; GYRO; 0.043720; 0.051732; 0.042237; 0.000000; 0.000000; 0.000000
2188371267415283; ACC; -0.718021; 3.662860; 9.451781; 0.000000; 0.000000; 0.000000
2188371268266283; GYRO; 0.034924; 0.022811; 0.016162; 0.000000; 0.000000; 0.000000
2188371287268408; ACC; -0.849357; 3.724008; 9.437310; 0.000000; 0.000000; 0.000000
2188371288119408; GYRO; 0.028780; 0.031974; -0.001902; 0.000000; 0.000000; 0.000000
2188371307119971; ACC; -0.853648; 3.660677; 9.362324; 0.000000; 0.000000; 0.000000
2188371307970971; GYRO; 0.032899; 0.055833; -0.002025; 0.000000; 0.000000; 0.000000
2188371326973096; ACC; -0.776574; 3.633862; 9.238956; 0.000000; 0.000000; 0.000000
2188371327824096; GYRO; 0.022166; 0.057282; 0.002409; 0.000000; 0.000000; 0.000000
2188371346824658; ACC; -0.696741; 3.647470; 9.238372; 0.000000; 0.000000; 0.000000
2188371347675658; GYRO; 0.010804; 0.023684; -0.008238; 0.000000; 0.000000; 0.000000
2188371366677783; ACC; -0.777713; 3.718368; 9.385012; 0.000000; 0.000000; 0.000000
2188371367528783; GYRO; 0.005969; 0.000559; -0.040108; 0.000000; 0.000000; 0.000000
2188371386530908; ACC; -0.897941; 3.562936; 9.409950; 0.000000; 0.000000; 0.000000
2188371387381908; GYRO; 0.039741; -0.007348; -0.050300; 0.000000; 0.000000; 0.000000
2188371406384033; ACC; -1.020227; 3.509900; 9.273911; 0.000000; 0.000000; 0.000000
2188371407235033; GYRO; 0.049218; -0.041225; -0.028728; 0.000000; 0.000000; 0.000000
2188371426235596; ACC; -0.992061; 3.524121; 9.235652; 0.000000; 0.000000; 0.000000
2188371427086596; GYRO; 0.042534; -0.036093; -0.028257; 0.000000; 0.000000; 0.000000
2188371446088721; ACC; -1.020715; 3.481045; 9.162686; 0.000000; 0.000000; 0.000000
2188371446939721; GYRO; 0.010455; 0.010472; -0.054943; 0.000000; 0.000000; 0.000000
2188371465941846; ACC; -1.098670; 3.451299; 9.203417; 0.000000; 0.000000; 0.000000
2188371466792846; GYRO; -0.012357; -0.015429; -0.054315; 0.000000; 0.000000; 0.000000
2188371485793408; ACC; -1.258163; 3.474149; 9.393871; 0.000000; 0.000000; 0.000000
2188371486644408; GYRO; -0.011083; -0.063146; -0.048398; 0.000000; 0.000000; 0.000000
2188371505646533; ACC; -1.232276; 3.353472; 9.495357; 0.000000; 0.000000; 0.000000
2188371506497533; GYRO; 0.007156; -0.040544; -0.011345; 0.000000; 0.000000; 0.000000
2188371525499658; ACC; -1.096429; 3.370222; 9.385520; 0.000000; 0.000000; 0.000000
2188371526350658; GYRO; 0.018727; 0.006720; 0.038397; 0.000000; 0.000000; 0.000000
2188371545351221; ACC; -0.980043; 3.535652; 9.264421; 0.000000; 0.000000; 0.000000
2188371546202221; GYRO; 0.008255; 0.043878; 0.031067; 0.000000; 0.000000; 0.000000
2188371565204346; ACC; -0.972783; 3.502755; 9.183306; 0.000000; 0.000000; 0.000000
2188371566055346; GYRO; -0.014783; 0.042132; -0.002269; 0.000000; 0.000000; 0.000000
2188371585057471; ACC; -1.060564; 3.528632; 9.211529; 0.000000; 0.000000; 0.000000
2188371585908471; GYRO; -0.026896; 0.014765; 0.015411; 0.000000; 0.000000; 0.000000
2188371604910596; ACC; -1.002500; 3.592059; 9.285212; 0.000000; 0.000000; 0.000000
2188371605761596; GYRO; -0.016528; -0.006772; 0.041731; 0.000000; 0.000000; 0.000000
2188371624762158; ACC; -0.897117; 3.590632; 9.191216; 0.000000; 0.000000; 0.000000
2188371625613158; GYRO; -0.011781; 0.015813; 0.038450; 0.000000; 0.000000; 0.000000
2188371644615283; ACC; -0.813837; 3.568807; 9.180117; 0.000000; 0.000000; 0.000000
2188371645466283; GYRO; -0.040195; 0.015307; 0.012217; 0.000000; 0.000000; 0.000000
2188371664468408; ACC; -0.931747; 3.592586; 9.389112; 0.000000; 0.000000; 0.000000
2188371665319408; GYRO; -0.056618; 0.020246; 0.002967; 0.000000; 0.000000; 0.000000
2188371684319971; ACC; -1.019920; 3.491215; 9.432829; 0.000000; 0.000000; 0.000000
2188371685170971; GYRO; -0.022689; 0.010943; 0.027995; 0.000000; 0.000000; 0.000000
2188371704173096; ACC; -0.860649; 3.495975; 9.314488; 0.000000; 0.000000; 0.000000
2188371705024096; GYRO; 0.005341; -0.000384; 0.065083; 0.000000; 0.000000; 0.000000
2188371724026221; ACC; -0.672637; 3.588171; 9.305238; 0.000000; 0.000000; 0.000000
2188371724877221; GYRO; -0.008046; -0.005620; 0.059690; 0.000000; 0.000000; 0.000000
2188371743877783; ACC; -0.587786; 3.608225; 9.387511; 0.000000; 0.000000; 0.000000
2188371744728783; GYRO; -0.011921; 0.002077; 0.034488; 0.000000; 0.000000; 0.000000
2188371763730908; ACC; -0.651616; 3.627264; 9.291629; 0.000000; 0.000000; 0.000000
2188371764581908; GYRO; 0.007557; -0.019391; 0.000908; 0.000000; 0.000000; 0.000000
2188371783584033; ACC; -0.700524; 3.589186; 9.202229; 0.000000; 0.000000; 0.000000
2188371784435033; GYRO; 0.003159; -0.031416; -0.037280; 0.000000; 0.000000; 0.000000
2188371803435596; ACC; -0.776574; 3.464372; 9.149825; 0.000000; 0.000000; 0.000000
2188371804286596; GYRO; -0.015778; -0.023056; -0.064141; 0.000000; 0.000000; 0.000000
2188371823288721; ACC; -0.938901; 3.505667; 9.211308; 0.000000; 0.000000; 0.000000
2188371824139721; GYRO; -0.036303; -0.021415; -0.066200; 0.000000; 0.000000; 0.000000
2188371843141846; ACC; -0.997693; 3.583785; 9.293401; 0.000000; 0.000000; 0.000000
2188371843992846; GYRO; -0.039951; -0.023108; -0.056147; 0.000000; 0.000000; 0.000000
2188371862994971; ACC; -0.956666; 3.571440; 9.395527; 0.000000; 0.000000; 0.000000
2188371863845971; GYRO; -0.037368; -0.032777; -0.071332; 0.000000; 0.000000; 0.000000
2188371882846533; ACC; -1.030924; 3.485421; 9.554895; 0.000000; 0.000000; 0.000000
2188371883697533; GYRO; -0.029897; -0.035936; -0.075625; 0.000000; 0.000000; 0.000000
2188371902699658; ACC; -1.108621; 3.427252; 9.582648; 0.000000; 0.000000; 0.000000
2188371903550658; GYRO; -0.001204; -0.026459; -0.049498; 0.000000; 0.000000; 0.000000
2188371922552783; ACC; -1.139707; 3.495247; 9.506972; 0.000000; 0.000000; 0.000000
2188371923403783; GYRO; 0.021310; 0.001414; -0.010856; 0.000000; 0.000000; 0.000000
2188371942404346; ACC; -1.045605; 3.497354; 9.402088; 0.000000; 0.000000; 0.000000
2188371943255346; GYRO; 0.023003; 0.005096; 0.006999; 0.000000; 0.000000; 0.000000
2188371962257471; ACC; -0.982695; 3.518414; 9.435520; 0.000000; 0.000000; 0.000000
2188371963108471; GYRO; 0.017785; 0.022829; -0.002129; 0.000000; 0.000000; 0.000000
2188371982110596; ACC; -1.076711; 3.408750; 9.362909; 0.000000; 0.000000; 0.000000
2188371982961596; GYRO; 0.035744; 0.008029; -0.004224; 0.000000; 0.000000; 0.000000
2188372001962158; ACC; -1.147503; 3.441426; 9.312325; 0.000000; 0.000000; 0.000000
2188372002813158; GYRO; 0.040544; 0.004049; 0.027960; 0.000000; 0.000000; 0.000000
2188372021815283; ACC; -0.915926; 3.380316; 9.240757; 0.000000; 0.000000; 0.000000
2188372022666283; GYRO; 0.039235; 0.036739; 0.045396; 0.000000; 0.000000; 0.000000
2188372041668408; ACC; -0.935999; 3.492451; 9.053425; 0.000000; 0.000000; 0.000000
2188372042519408; GYRO; 0.027279; 0.053128; 0.041434; 0.000000; 0.000000; 0.000000
2188372061521533; ACC; -0.899684; 3.582923; 9.004382; 0.000000; 0.000000; 0.000000
2188372062372533; GYRO; -0.000785; 0.026896; 0.021921; 0.000000; 0.000000; 0.000000
2188372081373096; ACC; -0.846264; 3.532683; 9.160618; 0.000000; 0.000000; 0.000000
2188372082224096; GYRO; -0.007697; 0.020054; -0.008308; 0.000000; 0.000000; 0.000000
2188372101227783; ACC; -0.872074; 3.450820; 9.218347; 0.000000; 0.000000; 0.000000
2188372102078783; GYRO; 0.009582; 0.009303; -0.012898; 0.000000; 0.000000; 0.000000
2188372121079346; ACC; -0.945576; 3.497967; 9.208310; 0.000000; 0.000000; 0.000000
2188372121930346; GYRO; 0.017261; -0.006231; 0.006178; 0.000000; 0.000000; 0.000000
2188372140930908; ACC; -0.805697; 3.509938; 9.188745; 0.000000; 0.000000; 0.000000
2188372141781908; GYRO; 0.007208; 0.007906; 0.003054; 0.000000; 0.000000; 0.000000
2188372160784033; ACC; -0.757334; 3.554882; 9.276899; 0.000000; 0.000000; 0.000000
2188372161635033; GYRO; 0.005061; 0.027681; -0.019251; 0.000000; 0.000000; 0.000000
2188372180637158; ACC; -0.933356; 3.500208; 9.192902; 0.000000; 0.000000; 0.000000
2188372181488158; GYRO; 0.024103; 0.011222; -0.034907; 0.000000; 0.000000; 0.000000
2188372200488721; ACC; -0.949703; 3.481006; 9.168548; 0.000000; 0.000000; 0.000000
2188372201339721; GYRO; 0.028990; -0.001641; -0.008238; 0.000000; 0.000000; 0.000000
2188372220341846; ACC; -0.889599; 3.491196; 9.067657; 0.000000; 0.000000; 0.000000
2188372221192846; GYRO; 0.040247; 0.031102; 0.000471; 0.000000; 0.000000; 0.000000
2188372240194971; ACC; -0.880721; 3.508904; 8.886750; 0.000000; 0.000000; 0.000000
2188372241045971; GYRO; 0.032463; 0.021852; -0.003316; 0.000000; 0.000000; 0.000000
2188372260046533; ACC; -0.964586; 3.577962; 8.942927; 0.000000; 0.000000; 0.000000
2188372260897533; GYRO; 0.014539; -0.010350; -0.016301; 0.000000; 0.000000; 0.000000
2188372279899658; ACC; -0.946074; 3.549098; 9.004401; 0.000000; 0.000000; 0.000000
2188372280750658; GYRO; 0.008360; 0.003142; -0.032341; 0.000000; 0.000000; 0.000000
2188372299752783; ACC; -0.930808; 3.509900; 9.065166; 0.000000; 0.000000; 0.000000
2188372300603783; GYRO; 0.007679; 0.034872; -0.033091; 0.000000; 0.000000; 0.000000
2188372319605908; ACC; -1.072574; 3.519036; 9.020825; 0.000000; 0.000000; 0.000000
2188372320456908; GYRO; 0.032306; 0.017506; -0.028955; 0.000000; 0.000000; 0.000000
2188372339457471; ACC; -1.116828; 3.531754; 8.991051; 0.000000; 0.000000; 0.000000
2188372340308471; GYRO; 0.045291; 0.019722; -0.017401; 0.000000; 0.000000; 0.000000
2188372359310596; ACC; -1.011292; 3.394940; 8.897611; 0.000000; 0.000000; 0.000000
2188372360161596; GYRO; 0.050370; 0.032289; -0.010559; 0.000000; 0.000000; 0.000000
2188372379163721; ACC; -0.974641; 3.374110; 8.894305; 0.000000; 0.000000; 0.000000
2188372380014721; GYRO; 0.050772; 0.015167; -0.011537; 0.000000; 0.000000; 0.000000
2188372399015283; ACC; -1.078368; 3.339959; 8.846125; 0.000000; 0.000000; 0.000000
2188372399866283; GYRO; 0.053547; 0.035797; -0.010437; 0.000000; 0.000000; 0.000000
2188372418868408; ACC; -1.041133; 3.240169; 8.675400; 0.000000; 0.000000; 0.000000
2188372419719408; GYRO; 0.057683; 0.053390; 0.030316; 0.000000; 0.000000; 0.000000
2188372438721533; ACC; -0.916251; 3.267147; 8.534774; 0.000000; 0.000000; 0.000000
2188372439572533; GYRO; 0.038834; 0.034505; 0.045728; 0.000000; 0.000000; 0.000000
2188372458574658; ACC; -0.864029; 3.310051; 8.637437; 0.000000; 0.000000; 0.000000
2188372459425658; GYRO; 0.028885; 0.004555; 0.032533; 0.000000; 0.000000; 0.000000
2188372478426221; ACC; -0.919824; 3.291654; 8.639879; 0.000000; 0.000000; 0.000000
2188372479277221; GYRO; 0.032812; 0.012043; 0.025569; 0.000000; 0.000000; 0.000000
2188372498279346; ACC; -0.922955; 3.327002; 8.520705; 0.000000; 0.000000; 0.000000
2188372499130346; GYRO; 0.028955; 0.023894; 0.057317; 0.000000; 0.000000; 0.000000
2188372518132471; ACC; -0.827637; 3.475500; 8.459873; 0.000000; 0.000000; 0.000000
2188372518983471; GYRO; 0.011275; 0.019583; 0.063373; 0.000000; 0.000000; 0.000000
2188372537984033; ACC; -0.608539; 3.448991; 8.484898; 0.000000; 0.000000; 0.000000
2188372538835033; GYRO; 0.010664; 0.027786; 0.011502; 0.000000; 0.000000; 0.000000
2188372557837158; ACC; -0.643561; 3.422205; 8.412986; 0.000000; 0.000000; 0.000000
2188372558688158; GYRO; 0.004381; 0.026546; -0.032149; 0.000000; 0.000000; 0.000000
2188372577690283; ACC; -0.810303; 3.443350; 8.470695; 0.000000; 0.000000; 0.000000
2188372578541283; GYRO; -0.007802; -0.025621; -0.047874; 0.000000; 0.000000; 0.000000
2188372597541846; ACC; -0.843381; 3.429090; 8.562967; 0.000000; 0.000000; 0.000000
2188372598392846; GYRO; -0.005550; -0.033091; -0.054664; 0.000000; 0.000000; 0.000000
2188372617394971; ACC; -0.888143; 3.401490; 8.548689; 0.000000; 0.000000; 0.000000
2188372618245971; GYRO; 0.002775; -0.001449; -0.048520; 0.000000; 0.000000; 0.000000
2188372637248096; ACC; -0.924535; 3.394317; 8.446255; 0.000000; 0.000000; 0.000000
2188372638099096; GYRO; -0.007575; -0.002234; -0.049463; 0.000000; 0.000000; 0.000000
2188372657099658; ACC; -0.952739; 3.367483; 8.508811; 0.000000; 0.000000; 0.000000
2188372657950658; GYRO; -0.019268; -0.022480; -0.054158; 0.000000; 0.000000; 0.000000
2188372676952783; ACC; -1.044044; 3.286655; 8.496638; 0.000000; 0.000000; 0.000000
2188372677803783; GYRO; -0.021764; -0.040614; -0.044296; 0.000000; 0.000000; 0.000000
2188372696805908; ACC; -1.098919; 3.344039; 8.656687; 0.000000; 0.000000; 0.000000
2188372697656908; GYRO; -0.040561; -0.035308; -0.022881; 0.000000; 0.000000; 0.000000
2188372716657471; ACC; -1.046314; 3.364964; 8.796843; 0.000000; 0.000000; 0.000000
2188372717508471; GYRO; -0.017261; -0.003002; 0.004695; 0.000000; 0.000000; 0.000000
2188372736510596; ACC; -0.931842; 3.406403; 8.701677; 0.000000; 0.000000; 0.000000
2188372737361596; GYRO; 0.023510; 0.004154; 0.009774; 0.000000; 0.000000; 0.000000
2188372756362158; ACC; -0.942243; 3.461211; 8.472601; 0.000000; 0.000000; 0.000000
2188372757213158; GYRO; 0.026861; -0.000192; -0.013561; 0.000000; 0.000000; 0.000000
2188372776215283; ACC; -1.007969; 3.409305; 8.416405; 0.000000; 0.000000; 0.000000
2188372777066283; GYRO; -0.006039; -0.018919; -0.015778; 0.000000; 0.000000; 0.000000
2188372796068408; ACC; -0.982418; 3.422071; 8.541103; 0.000000; 0.000000; 0.000000
2188372796919408; GYRO; -0.015062; 0.000436; -0.008919; 0.000000; 0.000000; 0.000000
2188372815921533; ACC; -0.951542; 3.396922; 8.566913; 0.000000; 0.000000; 0.000000
2188372816772533; GYRO; 0.002950; 0.001379; -0.017034; 0.000000; 0.000000; 0.000000
2188372835773096; ACC; -0.930473; 3.312416; 8.478970; 0.000000; 0.000000; 0.000000
2188372836624096; GYRO; 0.001292; -0.017052; -0.023318; 0.000000; 0.000000; 0.000000
2188372855626221; ACC; -0.980933; 3.298549; 8.641727; 0.000000; 0.000000; 0.000000
2188372856477221; GYRO; -0.018797; -0.012078; -0.023405; 0.000000; 0.000000; 0.000000
2188372875479346; ACC; -1.108104; 3.337929; 8.708583; 0.000000; 0.000000; 0.000000
2188372876330346; GYRO; -0.013491; 0.029199; -0.015289; 0.000000; 0.000000; 0.000000
2188372895330908; ACC; -1.042215; 3.313029; 8.615334; 0.000000; 0.000000; 0.000000
2188372896181908; GYRO; 0.003787; 0.020420; 0.023056; 0.000000; 0.000000; 0.000000
2188372915184033; ACC; -0.990290; 3.427999; 8.443910; 0.000000; 0.000000; 0.000000
2188372916035033; GYRO; 0.021101; -0.013038; 0.037664; 0.000000; 0.000000; 0.000000
2188372935037158; ACC; -0.920389; 3.405599; 8.350038; 0.000000; 0.000000; 0.000000
2188372935888158; GYRO; 0.006109; -0.030055; 0.011275; 0.000000; 0.000000; 0.000000
2188372954888721; ACC; -0.954109; 3.334376; 8.421767; 0.000000; 0.000000; 0.000000
2188372955739721; GYRO; -0.040090; -0.013073; -0.003735; 0.000000; 0.000000; 0.000000
2188372974741846; ACC; -0.978118; 3.339279; 8.692255; 0.000000; 0.000000; 0.000000
2188372975592846; GYRO; -0.038240; 0.014312; 0.004939; 0.000000; 0.000000; 0.000000
2188372994594971; ACC; -0.963848; 3.420548; 8.701401; 0.000000; 0.000000; 0.000000
2188372995445971; GYRO; 0.008570; 0.018832; 0.006301; 0.000000; 0.000000; 0.000000
2188373014448096; ACC; -0.944378; 3.442326; 8.584113; 0.000000; 0.000000; 0.000000
2188373015299096; GYRO; 0.017855; -0.005079; 0.003142; 0.000000; 0.000000; 0.000000
2188373034299658; ACC; -0.923559; 3.399728; 8.566578; 0.000000; 0.000000; 0.000000
2188373035150658; GYRO; -0.002810; -0.020316; -0.002077; 0.000000; 0.000000; 0.000000
2188373054152783; ACC; -0.954999; 3.378669; 8.663812; 0.000000; 0.000000; 0.000000
2188373055003783; GYRO; -0.014539; -0.005568; 0.007016; 0.000000; 0.000000; 0.000000
2188373074005908; ACC; -0.979669; 3.371180; 8.630724; 0.000000; 0.000000; 0.000000
2188373074856908; GYRO; -0.000663; 0.027402; 0.015656; 0.000000; 0.000000; 0.000000
2188373093857471; ACC; -0.746321; 3.343311; 8.609282; 0.000000; 0.000000; 0.000000
2188373094708471; GYRO; -0.000855; 0.020106; 0.007435; 0.000000; 0.000000; 0.000000
2188373113710596; ACC; -0.805496; 3.355062; 8.641105; 0.000000; 0.000000; 0.000000
2188373114561596; GYRO; 0.022445; 0.001518; -0.022969; 0.000000; 0.000000; 0.000000
2188373133563721; ACC; -1.036862; 3.338781; 8.527638; 0.000000; 0.000000; 0.000000
2188373134414721; GYRO; 0.038799; -0.030962; -0.015952; 0.000000; 0.000000; 0.000000
2188373153415283; ACC; -1.008189; 3.341329; 8.532006; 0.000000; 0.000000; 0.000000
2188373154266283; GYRO; 0.050196; -0.042429; 0.017000; 0.000000; 0.000000; 0.000000
2188373173268408; ACC; -0.906914; 3.322577; 8.330395; 0.000000; 0.000000; 0.000000
2188373174119408; GYRO; 0.055501; -0.041399; 0.019251; 0.000000; 0.000000; 0.000000
2188373193121533; ACC; -0.836285; 3.355330; 8.267600; 0.000000; 0.000000; 0.000000
2188373193972533; GYRO; -0.014504; -0.003962; -0.000820; 0.000000; 0.000000; 0.000000
2188373212974658; ACC; -0.768165; 3.343072; 8.582609; 0.000000; 0.000000; 0.000000
2188373213825658; GYRO; -0.045309; 0.031765; -0.024138; 0.000000; 0.000000; 0.000000
2188373232826221; ACC; -0.964451; 3.414515; 8.670793; 0.000000; 0.000000; 0.000000
2188373233677221; GYRO; -0.007924; 0.026756; -0.033283; 0.000000; 0.000000; 0.000000
2188373252679346; ACC; -0.981086; 3.372875; 8.582322; 0.000000; 0.000000; 0.000000
2188373253530346; GYRO; 0.033545; -0.031416; -0.008081; 0.000000; 0.000000; 0.000000
2188373272532471; ACC; -0.973990; 3.386723; 8.431785; 0.000000; 0.000000; 0.000000
2188373273383471; GYRO; 0.030788; -0.041347; 0.002496; 0.000000; 0.000000; 0.000000
2188373292384033; ACC; -0.924449; 3.420615; 8.419488; 0.000000; 0.000000; 0.000000
2188373293235033; GYRO; -0.019007; -0.012374; -0.012165; 0.000000; 0.000000; 0.000000
2188373312237158; ACC; -0.877293; 3.384424; 8.618484; 0.000000; 0.000000; 0.000000
2188373313088158; GYRO; -0.044157; 0.014242; -0.030770; 0.000000; 0.000000; 0.000000
2188373332090283; ACC; -0.974651; 3.404392; 8.729795; 0.000000; 0.000000; 0.000000
2188373332941283; GYRO; -0.006283; 0.019827; -0.028885; 0.000000; 0.000000; 0.000000
2188373351943408; ACC; -1.102099; 3.385890; 8.522994; 0.000000; 0.000000; 0.000000
2188373352794408; GYRO; 0.040300; 0.012235; -0.007261; 0.000000; 0.000000; 0.000000
2188373371794971; ACC; -1.013571; 3.323525; 8.311203; 0.000000; 0.000000; 0.000000
2188373372645971; GYRO; 0.014067; -0.014713; 0.016738; 0.000000; 0.000000; 0.000000
2188373391648096; ACC; -0.929113; 3.395735; 8.466836; 0.000000; 0.000000; 0.000000
2188373392499096; GYRO; -0.030020; -0.004974; 0.010612; 0.000000; 0.000000; 0.000000
2188373411501221; ACC; -0.926958; 3.399249; 8.642035; 0.000000; 0.000000; 0.000000
2188373412352221; GYRO; -0.009460; 0.013212; 0.002793; 0.000000; 0.000000; 0.000000
2188373431352783; ACC; -0.974239; 3.460445; 8.536803; 0.000000; 0.000000; 0.000000
2188373432203783; GYRO; 0.020054; -0.007330; 0.009268; 0.000000; 0.000000; 0.000000
2188373451205908; ACC; -0.853083; 3.412628; 8.474603; 0.000000; 0.000000; 0.000000
2188373452056908; GYRO; 0.019792; 0.002810; -0.000297; 0.000000; 0.000000; 0.000000
2188373471059033; ACC; -0.899731; 3.343043; 8.376202; 0.000000; 0.000000; 0.000000
2188373471910033; GYRO; 0.000262; 0.021206; -0.023614; 0.000000; 0.000000; 0.000000
2188373490910596; ACC; -1.074853; 3.360262; 8.420341; 0.000000; 0.000000; 0.000000
2188373491761596; GYRO; -0.032638; 0.013160; -0.022026; 0.000000; 0.000000; 0.000000
2188373510763721; ACC; -1.105786; 3.358318; 8.488153; 0.000000; 0.000000; 0.000000
2188373511614721; GYRO; -0.022777; -0.002740; 0.005201; 0.000000; 0.000000; 0.000000
2188373530616846; ACC; -1.051677; 3.404957; 8.455860; 0.000000; 0.000000; 0.000000
2188373531467846; GYRO; -0.019181; -0.009023; 0.014015; 0.000000; 0.000000; 0.000000
2188373550468408; ACC; -0.972649; 3.375202; 8.556791; 0.000000; 0.000000; 0.000000
2188373551319408; GYRO; -0.043668; 0.001466; 0.005306; 0.000000; 0.000000; 0.000000
2188373570321533; ACC; -0.960975; 3.315739; 8.687543; 0.000000; 0.000000; 0.000000
2188373571172533; GYRO; -0.032166; 0.028693; -0.003107; 0.000000; 0.000000; 0.000000
2188373590174658; ACC; -1.080657; 3.319340; 8.625341; 0.000000; 0.000000; 0.000000
2188373591025658; GYRO; -0.007854; 0.024487; 0.022515; 0.000000; 0.000000; 0.000000
2188373610027783; ACC; -1.032025; 3.394844; 8.568877; 0.000000; 0.000000; 0.000000
2188373610878783; GYRO; 0.001658; 0.007540; 0.062553; 0.000000; 0.000000; 0.000000
2188373629879346; ACC; -0.840872; 3.448244; 8.538854; 0.000000; 0.000000; 0.000000
2188373630730346; GYRO; 0.008186; 0.011624; 0.059167; 0.000000; 0.000000; 0.000000
2188373649732471; ACC; -0.831554; 3.419409; 8.446255; 0.000000; 0.000000; 0.000000
2188373650583471; GYRO; -0.000070; 0.022794; 0.008954; 0.000000; 0.000000; 0.000000
2188373669585596; ACC; -0.985013; 3.359094; 8.496351; 0.000000; 0.000000; 0.000000
2188373670436596; GYRO; -0.022916; 0.007714; -0.000820; 0.000000; 0.000000; 0.000000
2188373689438721; ACC; -1.073790; 3.323573; 8.582869; 0.000000; 0.000000; 0.000000
2188373690289721; GYRO; -0.022689; 0.011083; 0.020892; 0.000000; 0.000000; 0.000000
2188373709290283; ACC; -0.990318; 3.253921; 8.588355; 0.000000; 0.000000; 0.000000
2188373710141283; GYRO; -0.016022; -0.013474; 0.046478; 0.000000; 0.000000; 0.000000
2188373729143408; ACC; -0.949780; 3.327165; 8.608572; 0.000000; 0.000000; 0.000000
2188373729994408; GYRO; -0.004643; -0.002618; 0.055728; 0.000000; 0.000000; 0.000000
2188373748996533; ACC; -0.824822; 3.249736; 8.564692; 0.000000; 0.000000; 0.000000
2188373749847533; GYRO; -0.005027; 0.014434; 0.047473; 0.000000; 0.000000; 0.000000
2188373768848096; ACC; -0.811692; 3.266476; 8.570783; 0.000000; 0.000000; 0.000000
2188373769699096; GYRO; -0.021904; 0.002007; 0.043249; 0.000000; 0.000000; 0.000000
2188373788701221; ACC; -0.876996; 3.333351; 8.639486; 0.000000; 0.000000; 0.000000
2188373789552221; GYRO; -0.022585; 0.001152; 0.047735; 0.000000; 0.000000; 0.000000
2188373808554346; ACC; -0.879314; 3.324809; 8.528204; 0.000000; 0.000000; 0.000000
2188373809405346; GYRO; -0.011519; 0.013963; 0.067946; 0.000000; 0.000000; 0.000000
2188373828405908; ACC; -0.725156; 3.363920; 8.344013; 0.000000; 0.000000; 0.000000
2188373829256908; GYRO; -0.017523; 0.004573; 0.080390; 0.000000; 0.000000; 0.000000
2188373848259033; ACC; -0.644624; 3.477147; 8.370244; 0.000000; 0.000000; 0.000000
2188373849110033; GYRO; -0.033301; -0.007121; 0.058556; 0.000000; 0.000000; 0.000000
2188373868112158; ACC; -0.610770; 3.438936; 8.479008; 0.000000; 0.000000; 0.000000
2188373868963158; GYRO; -0.019757; -0.001798; -0.000052; 0.000000; 0.000000; 0.000000
2188373887965283; ACC; -0.741839; 3.412111; 8.424257; 0.000000; 0.000000; 0.000000
2188373888816283; GYRO; -0.010786; -0.009879; -0.018937; 0.000000; 0.000000; 0.000000
2188373907816846; ACC; -0.816231; 3.358730; 8.477551; 0.000000; 0.000000; 0.000000
2188373908667846; GYRO; -0.030107; -0.054943; -0.028222; 0.000000; 0.000000; 0.000000
2188373927669971; ACC; -0.894483; 3.355972; 8.686853; 0.000000; 0.000000; 0.000000
2188373928520971; GYRO; -0.051225; -0.032009; -0.048223; 0.000000; 0.000000; 0.000000
2188373947523096; ACC; -0.979918; 3.329300; 8.838646; 0.000000; 0.000000; 0.000000
2188373948374096; GYRO; -0.048956; 0.035709; -0.050091; 0.000000; 0.000000; 0.000000
2188373967374658; ACC; -1.100931; 3.369858; 8.850531; 0.000000; 0.000000; 0.000000
2188373968225658; GYRO; -0.020490; 0.036669; -0.008151; 0.000000; 0.000000; 0.000000
2188373987227783; ACC; -0.931756; 3.349115; 8.746220; 0.000000; 0.000000; 0.000000
2188373988078783; GYRO; 0.022340; -0.002531; 0.006597; 0.000000; 0.000000; 0.000000
2188374007080908; ACC; -0.896159; 3.340362; 8.616588; 0.000000; 0.000000; 0.000000
2188374007931908; GYRO; 0.022375; 0.005672; -0.020944; 0.000000; 0.000000; 0.000000
2188374026932471; ACC; -1.000183; 3.289547; 8.544226; 0.000000; 0.000000; 0.000000
2188374027783471; GYRO; 0.001658; 0.040806; -0.013526; 0.000000; 0.000000; 0.000000
2188374046785596; ACC; -1.032830; 3.310281; 8.533663; 0.000000; 0.000000; 0.000000
2188374047636596; GYRO; -0.003962; 0.031381; 0.019146; 0.000000; 0.000000; 0.000000
2188374066638721; ACC; -0.930502; 3.368431; 8.601035; 0.000000; 0.000000; 0.000000
2188374067489721; GYRO; 0.011589; 0.016005; 0.018658; 0.000000; 0.000000; 0.000000
2188374086491846; ACC; -0.864604; 3.291577; 8.500173; 0.000000; 0.000000; 0.000000
2188374087342846; GYRO; 0.013753; 0.035168; -0.014748; 0.000000; 0.000000; 0.000000
2188374106343408; ACC; -0.943526; 3.294508; 8.471845; 0.000000; 0.000000; 0.000000
2188374107194408; GYRO; -0.009268; 0.024609; -0.010647; 0.000000; 0.000000; 0.000000
2188374126196533; ACC; -1.054196; 3.306373; 8.590071; 0.000000; 0.000000; 0.000000
2188374127047533; GYRO; -0.010769; 0.004084; 0.003194; 0.000000; 0.000000; 0.000000
2188374146049658; ACC; -1.020217; 3.242688; 8.644160; 0.000000; 0.000000; 0.000000
2188374146900658; GYRO; 0.001518; 0.008988; 0.020420; 0.000000; 0.000000; 0.000000
2188374165901221; ACC; -0.950144; 3.327826; 8.638740; 0.000000; 0.000000; 0.000000
2188374166752221; GYRO; -0.012531; 0.023667; 0.034592; 0.000000; 0.000000; 0.000000
2188374185754346; ACC; -0.867017; 3.369848; 8.708545; 0.000000; 0.000000; 0.000000
2188374186605346; GYRO; -0.008936; 0.032498; 0.026529; 0.000000; 0.000000; 0.000000
2188374205607471; ACC; -0.880386; 3.374455; 8.651303; 0.000000; 0.000000; 0.000000
2188374206458471; GYRO; 0.022480; 0.026302; 0.001728; 0.000000; 0.000000; 0.000000
2188374225459033; ACC; -0.857124; 3.301959; 8.542856; 0.000000; 0.000000; 0.000000
2188374226310033; GYRO; 0.015080; 0.028222; -0.006336; 0.000000; 0.000000; 0.000000
2188374245312158; ACC; -0.936401; 3.323171; 8.566071; 0.000000; 0.000000; 0.000000
2188374246163158; GYRO; -0.003770; 0.035168; -0.001292; 0.000000; 0.000000; 0.000000
2188374265165283; ACC; -0.945145; 3.322893; 8.617766; 0.000000; 0.000000; 0.000000
2188374266016283; GYRO; 0.003630; 0.009198; 0.006754; 0.000000; 0.000000; 0.000000
2188374285018408; ACC; -0.911051; 3.294326; 8.651841; 0.000000; 0.000000; 0.000000
2188374285869408; GYRO; 0.019635; 0.013230; 0.013195; 0.000000; 0.000000; 0.000000
2188374304869971; ACC; -0.862640; 3.287133; 8.546687; 0.000000; 0.000000; 0.000000
2188374305720971; GYRO; 0.034523; 0.039916; 0.012863; 0.000000; 0.000000; 0.000000
2188374324723096; ACC; -0.930463; 3.306182; 8.360227; 0.000000; 0.000000; 0.000000
2188374325574096; GYRO; 0.033266; 0.040247; 0.002566; 0.000000; 0.000000; 0.000000
2188374344576221; ACC; -1.034602; 3.347161; 8.337826; 0.000000; 0.000000; 0.000000
2188374345427221; GYRO; 0.000838; 0.002182; 0.004276; 0.000000; 0.000000; 0.000000
2188374364427783; ACC; -0.969211; 3.377481; 8.537732; 0.000000; 0.000000; 0.000000
2188374365278783; GYRO; -0.031015; -0.003473; 0.009425; 0.000000; 0.000000; 0.000000
2188374384280908; ACC; -0.881861; 3.373746; 8.773045; 0.000000; 0.000000; 0.000000
2188374385131908; GYRO; -0.020508; 0.014643; 0.002915; 0.000000; 0.000000; 0.000000
2188374404134033; ACC; -0.912488; 3.366497; 8.739746; 0.000000; 0.000000; 0.000000
2188374404985033; GYRO; 0.003351; -0.015778; -0.004154; 0.000000; 0.000000; 0.000000
2188374423985596; ACC; -0.943086; 3.424551; 8.735120; 0.000000; 0.000000; 0.000000
2188374424836596; GYRO; 0.010350; -0.026093; -0.005864; 0.000000; 0.000000; 0.000000
2188374443838721; ACC; -0.854471; 3.343598; 8.688424; 0.000000; 0.000000; 0.000000
2188374444689721; GYRO; -0.004800; -0.002478; -0.030177; 0.000000; 0.000000; 0.000000
2188374463691846; ACC; -1.006302; 3.337402; 8.702943; 0.000000; 0.000000; 0.000000
2188374464542846; GYRO; -0.013666; 0.015551; -0.031049; 0.000000; 0.000000; 0.000000
2188374483543408; ACC; -1.047923; 3.285793; 8.649112; 0.000000; 0.000000; 0.000000
2188374484394408; GYRO; 0.004817; -0.010297; -0.000157; 0.000000; 0.000000; 0.000000
2188374503396533; ACC; -0.924171; 3.331896; 8.532504; 0.000000; 0.000000; 0.000000
2188374504247533; GYRO; 0.023859; -0.003089; 0.016860; 0.000000; 0.000000; 0.000000
2188374523249658; ACC; -0.877801; 3.352629; 8.396417; 0.000000; 0.000000; 0.000000
2188374524100658; GYRO; -0.002164; 0.005777; -0.012479; 0.000000; 0.000000; 0.000000
2188374543102783; ACC; -0.920350; 3.285151; 8.446006; 0.000000; 0.000000; 0.000000
2188374543953783; GYRO; -0.036006; -0.007278; -0.037333; 0.000000; 0.000000; 0.000000
2188374562954346; ACC; -1.109272; 3.339193; 8.612164; 0.000000; 0.000000; 0.000000
2188374563805346; GYRO; -0.046286; -0.018117; -0.023021; 0.000000; 0.000000; 0.000000
2188374582805908; ACC; -1.075131; 3.313039; 8.693931; 0.000000; 0.000000; 0.000000
2188374583656908; GYRO; -0.020420; -0.013387; 0.000279; 0.000000; 0.000000; 0.000000
2188374602660596; ACC; -1.042617; 3.336560; 8.602118; 0.000000; 0.000000; 0.000000
2188374603511596; GYRO; -0.010594; -0.017698; 0.007348; 0.000000; 0.000000; 0.000000
2188374622512158; ACC; -1.050336; 3.368709; 8.647071; 0.000000; 0.000000; 0.000000
2188374623363158; GYRO; -0.048503; -0.026128; 0.001588; 0.000000; 0.000000; 0.000000
2188374642365283; ACC; -1.058419; 3.419236; 8.819635; 0.000000; 0.000000; 0.000000
2188374643216283; GYRO; -0.070267; -0.016755; -0.005952; 0.000000; 0.000000; 0.000000
2188374662218408; ACC; -1.067124; 3.410100; 8.935266; 0.000000; 0.000000; 0.000000
2188374663069408; GYRO; -0.054926; 0.000750; -0.006912; 0.000000; 0.000000; 0.000000
2188374682069971; ACC; -1.006762; 3.382806; 8.876349; 0.000000; 0.000000; 0.000000
2188374682920971; GYRO; -0.001257; 0.046077; 0.006021; 0.000000; 0.000000; 0.000000
2188374701923096; ACC; -1.004894; 3.423517; 8.696258; 0.000000; 0.000000; 0.000000
2188374702774096; GYRO; 0.001693; 0.027506; 0.001693; 0.000000; 0.000000; 0.000000
2188374721776221; ACC; -0.958725; 3.388782; 8.769032; 0.000000; 0.000000; 0.000000
2188374722627221; GYRO; -0.033650; -0.018675; -0.011589; 0.000000; 0.000000; 0.000000
2188374741627783; ACC; -1.052711; 3.436618; 8.974972; 0.000000; 0.000000; 0.000000
2188374742478783; GYRO; -0.039183; -0.006353; -0.017802; 0.000000; 0.000000; 0.000000
2188374761480908; ACC; -1.061196; 3.369925; 9.014065; 0.000000; 0.000000; 0.000000
2188374762331908; GYRO; -0.019600; 0.026197; 0.001361; 0.000000; 0.000000; 0.000000
2188374781332471; ACC; -0.896265; 3.325565; 8.956776; 0.000000; 0.000000; 0.000000
2188374782183471; GYRO; 0.009826; 0.024592; 0.020892; 0.000000; 0.000000; 0.000000
2188374801185596; ACC; -0.818807; 3.371170; 8.850425; 0.000000; 0.000000; 0.000000
2188374802036596; GYRO; 0.029880; 0.008203; 0.010699; 0.000000; 0.000000; 0.000000
2188374821038721; ACC; -0.872169; 3.431303; 8.667968; 0.000000; 0.000000; 0.000000
2188374821889721; GYRO; 0.025290; 0.017453; -0.020246; 0.000000; 0.000000; 0.000000
2188374840891846; ACC; -0.927207; 3.348138; 8.568120; 0.000000; 0.000000; 0.000000
2188374841742846; GYRO; -0.009512; 0.000192; -0.029514; 0.000000; 0.000000; 0.000000
2188374860743408; ACC; -0.946849; 3.378784; 8.770477; 0.000000; 0.000000; 0.000000
2188374861594408; GYRO; -0.036285; -0.037385; -0.019844; 0.000000; 0.000000; 0.000000
2188374880596533; ACC; -0.934534; 3.385248; 8.930822; 0.000000; 0.000000; 0.000000
2188374881447533; GYRO; -0.025674; -0.040422; -0.024906; 0.000000; 0.000000; 0.000000
2188374900449658; ACC; -0.914480; 3.377950; 8.906545; 0.000000; 0.000000; 0.000000
2188374901300658; GYRO; -0.023667; -0.026756; -0.027768; 0.000000; 0.000000; 0.000000
2188374920301221; ACC; -0.868932; 3.340534; 8.943866; 0.000000; 0.000000; 0.000000
2188374921152221; GYRO; -0.027122; -0.025639; -0.040020; 0.000000; 0.000000; 0.000000
2188374940154346; ACC; -0.947309; 3.368441; 8.980737; 0.000000; 0.000000; 0.000000
2188374941005346; GYRO; -0.030020; -0.033737; -0.052255; 0.000000; 0.000000; 0.000000
2188374960007471; ACC; -1.053458; 3.338197; 8.994029; 0.000000; 0.000000; 0.000000
2188374960858471; GYRO; -0.016371; -0.019146; -0.046914; 0.000000; 0.000000; 0.000000
2188374979859033; ACC; -1.129718; 3.316946; 8.893932; 0.000000; 0.000000; 0.000000
2188374980710033; GYRO; -0.005515; -0.009058; -0.027419; 0.000000; 0.000000; 0.000000
2188374999712158; ACC; -1.130437; 3.312167; 8.882172; 0.000000; 0.000000; 0.000000
2188375000563158; GYRO; -0.014783; -0.061767; -0.003944; 0.000000; 0.000000; 0.000000
2188375019565283; ACC; -1.087896; 3.388351; 8.999862; 0.000000; 0.000000; 0.000000
2188375020416283; GYRO; -0.022515; -0.056618; 0.000838; 0.000000; 0.000000; 0.000000
2188375039418408; ACC; -0.988652; 3.424226; 9.021735; 0.000000; 0.000000; 0.000000
2188375040269408; GYRO; -0.023789; -0.013753; -0.013422; 0.000000; 0.000000; 0.000000
2188375059269971; ACC; -1.057031; 3.431025; 9.041004; 0.000000; 0.000000; 0.000000
2188375060120971; GYRO; -0.027960; -0.014853; -0.024906; 0.000000; 0.000000; 0.000000
2188375079123096; ACC; -1.078741; 3.461432; 9.095132; 0.000000; 0.000000; 0.000000
2188375079974096; GYRO; -0.026354; -0.044523; -0.023353; 0.000000; 0.000000; 0.000000
2188375098976221; ACC; -1.003238; 3.434463; 9.064706; 0.000000; 0.000000; 0.000000
2188375099827221; GYRO; -0.034540; -0.054245; -0.029304; 0.000000; 0.000000; 0.000000
2188375118827783; ACC; -0.925646; 3.385555; 9.189933; 0.000000; 0.000000; 0.000000
2188375119678783; GYRO; -0.047037; -0.009948; -0.024138; 0.000000; 0.000000; 0.000000
2188375138680908; ACC; -1.026978; 3.361258; 9.186887; 0.000000; 0.000000; 0.000000
2188375139531908; GYRO; -0.027995; 0.003019; -0.023963; 0.000000; 0.000000; 0.000000
2188375158534033; ACC; -1.064443; 3.353415; 9.134512; 0.000000; 0.000000; 0.000000
2188375159385033; GYRO; -0.010210; -0.015376; 0.008255; 0.000000; 0.000000; 0.000000
2188375178387158; ACC; -1.027582; 3.418412; 9.125357; 0.000000; 0.000000; 0.000000
2188375179238158; GYRO; 0.008587; -0.013474; 0.018780; 0.000000; 0.000000; 0.000000
2188375198238721; ACC; -1.030915; 3.416986; 9.074284; 0.000000; 0.000000; 0.000000
2188375199089721; GYRO; 0.007191; -0.004154; 0.024731; 0.000000; 0.000000; 0.000000
2188375218091846; ACC; -0.879103; 3.403530; 9.061536; 0.000000; 0.000000; 0.000000
2188375218942846; GYRO; -0.007016; -0.018326; 0.020874; 0.000000; 0.000000; 0.000000
2188375237944971; ACC; -0.928577; 3.439376; 9.148034; 0.000000; 0.000000; 0.000000
2188375238795971; GYRO; -0.013840; -0.032899; -0.000349; 0.000000; 0.000000; 0.000000
2188375257796533; ACC; -1.058486; 3.449298; 9.153780; 0.000000; 0.000000; 0.000000
2188375258647533; GYRO; -0.011257; -0.042062; 0.001274; 0.000000; 0.000000; 0.000000
2188375277649658; ACC; -0.937474; 3.389251; 9.213415; 0.000000; 0.000000; 0.000000
2188375278500658; GYRO; -0.025325; -0.027698; 0.012863; 0.000000; 0.000000; 0.000000
2188375297502783; ACC; -0.883125; 3.425806; 9.287443; 0.000000; 0.000000; 0.000000
2188375298353783; GYRO; -0.044384; 0.003840; -0.003805; 0.000000; 0.000000; 0.000000
2188375317354346; ACC; -0.997357; 3.435612; 9.366500; 0.000000; 0.000000; 0.000000
2188375318205346; GYRO; -0.031468; 0.001484; -0.012723; 0.000000; 0.000000; 0.000000
2188375337207471; ACC; -1.108918; 3.408357; 9.333862; 0.000000; 0.000000; 0.000000
2188375338058471; GYRO; -0.000471; -0.017174; 0.010542; 0.000000; 0.000000; 0.000000
2188375357060596; ACC; -0.996706; 3.428650; 9.240786; 0.000000; 0.000000; 0.000000
2188375357911596; GYRO; 0.003613; -0.016319; 0.034732; 0.000000; 0.000000; 0.000000
2188375376913721; ACC; -0.869287; 3.463701; 9.264967; 0.000000; 0.000000; 0.000000
2188375377764721; GYRO; -0.004887; 0.013561; 0.027140; 0.000000; 0.000000; 0.000000
2188375396765283; ACC; -0.925895; 3.442144; 9.200955; 0.000000; 0.000000; 0.000000
2188375397616283; GYRO; 0.000541; 0.035430; 0.007941; 0.000000; 0.000000; 0.000000
2188375416618408; ACC; -1.012403; 3.479857; 9.212505; 0.000000; 0.000000; 0.000000
2188375417469408; GYRO; -0.005306; -0.000471; 0.011030; 0.000000; 0.000000; 0.000000
2188375436471533; ACC; -0.973368; 3.516891; 9.379218; 0.000000; 0.000000; 0.000000
2188375437322533; GYRO; -0.011327; -0.013422; 0.016860; 0.000000; 0.000000; 0.000000
2188375456323096; ACC; -0.948372; 3.460455; 9.414078; 0.000000; 0.000000; 0.000000
2188375457174096; GYRO; 0.010088; 0.018082; 0.012689; 0.000000; 0.000000; 0.000000
2188375476176221; ACC; -0.985300; 3.448436; 9.263319; 0.000000; 0.000000; 0.000000
2188375477027221; GYRO; 0.014155; 0.021660; 0.022340; 0.000000; 0.000000; 0.000000
2188375496029346; ACC; -0.852757; 3.454642; 9.261510; 0.000000; 0.000000; 0.000000
2188375496880346; GYRO; 0.003089; -0.007191; 0.017872; 0.000000; 0.000000; 0.000000
2188375515880908; ACC; -0.896648; 3.504067; 9.359337; 0.000000; 0.000000; 0.000000
2188375516731908; GYRO; -0.004102; -0.007138; -0.001222; 0.000000; 0.000000; 0.000000
2188375535734033; ACC; -0.942856; 3.498044; 9.391314; 0.000000; 0.000000; 0.000000
2188375536585033; GYRO; 0.009058; 0.014643; 0.005812; 0.000000; 0.000000; 0.000000
2188375555587158; ACC; -0.892127; 3.472052; 9.286333; 0.000000; 0.000000; 0.000000
2188375556438158; GYRO; 0.027855; 0.014923; 0.019687; 0.000000; 0.000000; 0.000000
2188375575438721; ACC; -0.839953; 3.467992; 9.196972; 0.000000; 0.000000; 0.000000
2188375576289721; GYRO; 0.022742; 0.002897; 0.003019; 0.000000; 0.000000; 0.000000
2188375595291846; ACC; -0.823577; 3.429014; 9.263309; 0.000000; 0.000000; 0.000000
2188375596142846; GYRO; 0.009093; 0.000733; -0.023440; 0.000000; 0.000000; 0.000000
2188375615144971; ACC; -0.982370; 3.448771; 9.285566; 0.000000; 0.000000; 0.000000
2188375615995971; GYRO; 0.009233; 0.013718; -0.017977; 0.000000; 0.000000; 0.000000
2188375634998096; ACC; -1.001418; 3.465731; 9.163950; 0.000000; 0.000000; 0.000000
2188375635849096; GYRO; 0.047002; 0.003194; 0.025883; 0.000000; 0.000000; 0.000000
2188375654849658; ACC; -0.850909; 3.457266; 8.919272; 0.000000; 0.000000; 0.000000
2188375655700658; GYRO; 0.052517; -0.056304; 0.018239; 0.000000; 0.000000; 0.000000
2188375674702783; ACC; -0.790968; 3.424800; 9.003214; 0.000000; 0.000000; 0.000000
2188375675553783; GYRO; -0.014626; -0.049759; -0.032289; 0.000000; 0.000000; 0.000000
2188375694555908; ACC; -1.077764; 3.403128; 9.285403; 0.000000; 0.000000; 0.000000
2188375695406908; GYRO; -0.060441; -0.006737; -0.044349; 0.000000; 0.000000; 0.000000
2188375714407471; ACC; -1.170094; 3.446635; 9.463580; 0.000000; 0.000000; 0.000000
2188375715258471; GYRO; -0.032306; 0.002025; -0.003595; 0.000000; 0.000000; 0.000000
2188375734260596; ACC; -1.034535; 3.470165; 9.459089; 0.000000; 0.000000; 0.000000
2188375735111596; GYRO; 0.004730; -0.011449; 0.030508; 0.000000; 0.000000; 0.000000
2188375754113721; ACC; -0.901369; 3.449068; 9.345460; 0.000000; 0.000000; 0.000000
2188375754964721; GYRO; 0.022148; -0.012409; 0.020403; 0.000000; 0.000000; 0.000000
2188375773965283; ACC; -1.021395; 3.474609; 9.239138; 0.000000; 0.000000; 0.000000
2188375774816283; GYRO; 0.012985; 0.002740; 0.006039; 0.000000; 0.000000; 0.000000
2188375793818408; ACC; -1.026509; 3.431236; 9.222206; 0.000000; 0.000000; 0.000000
2188375794669408; GYRO; -0.002129; 0.016389; 0.019321; 0.000000; 0.000000; 0.000000
2188375813671533; ACC; -0.948410; 3.470788; 9.299147; 0.000000; 0.000000; 0.000000
2188375814522533; GYRO; -0.013230; 0.013055; 0.026023; 0.000000; 0.000000; 0.000000
2188375833523096; ACC; -0.928558; 3.539674; 9.373300; 0.000000; 0.000000; 0.000000
2188375834374096; GYRO; 0.000750; 0.018972; 0.028047; 0.000000; 0.000000; 0.000000
2188375853376221; ACC; -0.830146; 3.524351; 9.295038; 0.000000; 0.000000; 0.000000
2188375854227221; GYRO; 0.030037; -0.000349; 0.035605; 0.000000; 0.000000; 0.000000
2188375873229346; ACC; -0.754605; 3.534225; 9.159229; 0.000000; 0.000000; 0.000000
2188375874080346; GYRO; 0.040614; -0.009826; 0.012933; 0.000000; 0.000000; 0.000000
2188375893082471; ACC; -0.794530; 3.484588; 9.006096; 0.000000; 0.000000; 0.000000
2188375893933471; GYRO; 0.024086; 0.008063; -0.024958; 0.000000; 0.000000; 0.000000
2188375912934033; ACC; -0.940126; 3.482041; 9.002974; 0.000000; 0.000000; 0.000000
2188375913785033; GYRO; -0.024243; 0.015725; -0.036216; 0.000000; 0.000000; 0.000000
2188375932787158; ACC; -1.004214; 3.462504; 9.205159; 0.000000; 0.000000; 0.000000
2188375933638158; GYRO; -0.033790; 0.015080; -0.009582; 0.000000; 0.000000; 0.000000
2188375952640283; ACC; -0.905688; 3.463500; 9.255649; 0.000000; 0.000000; 0.000000
2188375953491283; GYRO; -0.008465; -0.019356; 0.012881; 0.000000; 0.000000; 0.000000
2188375972491846; ACC; -0.841476; 3.456863; 9.258982; 0.000000; 0.000000; 0.000000
2188375973342846; GYRO; 0.010489; -0.051749; 0.000401; 0.000000; 0.000000; 0.000000
2188375992344971; ACC; -0.914738; 3.449575; 9.234694; 0.000000; 0.000000; 0.000000
2188375993195971; GYRO; 0.003578; -0.014015; -0.018850; 0.000000; 0.000000; 0.000000
2188376012198096; ACC; -1.020859; 3.437001; 9.179072; 0.000000; 0.000000; 0.000000
2188376013049096; GYRO; -0.019757; 0.003334; -0.008116; 0.000000; 0.000000; 0.000000
2188376032049658; ACC; -0.939628; 3.488400; 9.310810; 0.000000; 0.000000; 0.000000
2188376032900658; GYRO; -0.031276; 0.005166; 0.001484; 0.000000; 0.000000; 0.000000
2188376051902783; ACC; -0.889005; 3.444787; 9.406186; 0.000000; 0.000000; 0.000000
2188376052753783; GYRO; -0.000314; 0.016301; -0.016877; 0.000000; 0.000000; 0.000000
2188376071754346; ACC; -1.024852; 3.460263; 9.213338; 0.000000; 0.000000; 0.000000
2188376072605346; GYRO; 0.020228; 0.011868; -0.016371; 0.000000; 0.000000; 0.000000
2188376091607471; ACC; -1.044514; 3.473345; 9.112284; 0.000000; 0.000000; 0.000000
2188376092458471; GYRO; -0.003281; -0.017261; 0.008936; 0.000000; 0.000000; 0.000000
2188376111460596; ACC; -0.836850; 3.498532; 9.248639; 0.000000; 0.000000; 0.000000
2188376112311596; GYRO; -0.035116; -0.006493; 0.002042; 0.000000; 0.000000; 0.000000
2188376131313721; ACC; -0.849865; 3.506634; 9.421279; 0.000000; 0.000000; 0.000000
2188376132164721; GYRO; -0.026861; 0.024103; -0.030631; 0.000000; 0.000000; 0.000000
2188376151165283; ACC; -1.052271; 3.509440; 9.394053; 0.000000; 0.000000; 0.000000
2188376152016283; GYRO; 0.006720; 0.001553; -0.024347; 0.000000; 0.000000; 0.000000
2188376171018408; ACC; -1.030522; 3.507802; 9.349540; 0.000000; 0.000000; 0.000000
2188376171869408; GYRO; 0.027035; -0.015917; 0.016493; 0.000000; 0.000000; 0.000000
2188376190871533; ACC; -0.827810; 3.521995; 9.198619; 0.000000; 0.000000; 0.000000
2188376191722533; GYRO; 0.030613; 0.018274; 0.013806; 0.000000; 0.000000; 0.000000
2188376210723096; ACC; -0.827963; 3.503541; 9.085316; 0.000000; 0.000000; 0.000000
2188376211574096; GYRO; -0.001588; 0.022672; -0.030299; 0.000000; 0.000000; 0.000000
2188376230576221; ACC; -1.007729; 3.485182; 9.172043; 0.000000; 0.000000; 0.000000
2188376231427221; GYRO; -0.015656; -0.004328; -0.037542; 0.000000; 0.000000; 0.000000
2188376250429346; ACC; -1.005785; 3.441061; 9.299050; 0.000000; 0.000000; 0.000000
2188376251280346; GYRO; 0.017383; -0.027192; -0.010926; 0.000000; 0.000000; 0.000000
2188376270280908; ACC; -0.997568; 3.480326; 9.210236; 0.000000; 0.000000; 0.000000
2188376271131908; GYRO; 0.025796; -0.012758; -0.004677; 0.000000; 0.000000; 0.000000
2188376290134033; ACC; -0.934007; 3.467589; 9.175548; 0.000000; 0.000000; 0.000000
2188376290985033; GYRO; -0.004468; 0.012706; -0.011083; 0.000000; 0.000000; 0.000000
2188376309987158; ACC; -0.969862; 3.460186; 9.277733; 0.000000; 0.000000; 0.000000
2188376310838158; GYRO; -0.015778; 0.038816; -0.020682; 0.000000; 0.000000; 0.000000
2188376329838721; ACC; -1.024173; 3.371151; 9.214774; 0.000000; 0.000000; 0.000000
2188376330689721; GYRO; 0.013718; 0.019635; -0.010228; 0.000000; 0.000000; 0.000000
2188376349691846; ACC; -1.061417; 3.336923; 9.074781; 0.000000; 0.000000; 0.000000
2188376350542846; GYRO; 0.010908; -0.037053; 0.003194; 0.000000; 0.000000; 0.000000
2188376369544971; ACC; -1.106629; 3.432519; 9.119811; 0.000000; 0.000000; 0.000000
2188376370395971; GYRO; -0.028292; -0.013683; 0.024120; 0.000000; 0.000000; 0.000000
2188376389398096; ACC; -0.960247; 3.486513; 9.275023; 0.000000; 0.000000; 0.000000
2188376390249096; GYRO; -0.045274; 0.038816; 0.026337; 0.000000; 0.000000; 0.000000
2188376409249658; ACC; -1.009194; 3.514688; 9.341035; 0.000000; 0.000000; 0.000000
2188376410100658; GYRO; -0.027698; 0.022899; 0.018151; 0.000000; 0.000000; 0.000000
2188376429102783; ACC; -1.013504; 3.487222; 9.339646; 0.000000; 0.000000; 0.000000
2188376429953783; GYRO; 0.013038; -0.027890; 0.028030; 0.000000; 0.000000; 0.000000
2188376448955908; ACC; -0.933710; 3.434703; 9.251176; 0.000000; 0.000000; 0.000000
2188376449806908; GYRO; 0.012811; -0.025639; 0.037141; 0.000000; 0.000000; 0.000000
2188376468807471; ACC; -0.876661; 3.443590; 9.252067; 0.000000; 0.000000; 0.000000
2188376469658471; GYRO; -0.026930; 0.024557; 0.025674; 0.000000; 0.000000; 0.000000
2188376488660596; ACC; -0.951772; 3.524878; 9.381431; 0.000000; 0.000000; 0.000000
2188376489511596; GYRO; -0.038188; 0.037699; 0.014312; 0.000000; 0.000000; 0.000000
2188376508513721; ACC; -0.911482; 3.504106; 9.442846; 0.000000; 0.000000; 0.000000
2188376509364721; GYRO; -0.001728; 0.017750; 0.020769; 0.000000; 0.000000; 0.000000
2188376528366846; ACC; -0.872907; 3.495496; 9.354520; 0.000000; 0.000000; 0.000000
2188376529217846; GYRO; 0.028938; 0.014539; 0.024592; 0.000000; 0.000000; 0.000000
2188376548218408; ACC; -0.928912; 3.436589; 9.170913; 0.000000; 0.000000; 0.000000
2188376549069408; GYRO; 0.033528; 0.011606; 0.021363; 0.000000; 0.000000; 0.000000
2188376568071533; ACC; -0.917065; 3.456748; 9.102899; 0.000000; 0.000000; 0.000000
2188376568922533; GYRO; 0.013160; 0.005917; 0.030613; 0.000000; 0.000000; 0.000000
2188376587924658; ACC; -0.885950; 3.505236; 9.148092; 0.000000; 0.000000; 0.000000
2188376588775658; GYRO; -0.001466; 0.004712; 0.023003; 0.000000; 0.000000; 0.000000
2188376607776221; ACC; -0.860352; 3.473948; 9.180423; 0.000000; 0.000000; 0.000000
2188376608627221; GYRO; 0.007034; 0.005323; 0.013107; 0.000000; 0.000000; 0.000000
2188376627629346; ACC; -0.950718; 3.449355; 9.090985; 0.000000; 0.000000; 0.000000
2188376628480346; GYRO; 0.020926; -0.002810; 0.008814; 0.000000; 0.000000; 0.000000
2188376647482471; ACC; -0.913838; 3.411469; 9.026189; 0.000000; 0.000000; 0.000000
2188376648333471; GYRO; -0.002025; -0.012078; 0.007837; 0.000000; 0.000000; 0.000000
2188376667334033; ACC; -0.876833; 3.390860; 9.219180; 0.000000; 0.000000; 0.000000
2188376668185033; GYRO; -0.037245; 0.002129; -0.006126; 0.000000; 0.000000; 0.000000
2188376687187158; ACC; -0.974114; 3.408836; 9.398783; 0.000000; 0.000000; 0.000000
2188376688038158; GYRO; -0.028606; 0.010001; 0.000349; 0.000000; 0.000000; 0.000000
2188376707040283; ACC; -1.048823; 3.460273; 9.343822; 0.000000; 0.000000; 0.000000
2188376707891283; GYRO; 0.011729; -0.006754; 0.024103; 0.000000; 0.000000; 0.000000
2188376726891846; ACC; -0.912133; 3.447104; 9.176698; 0.000000; 0.000000; 0.000000
2188376727742846; GYRO; 0.026023; -0.007592; 0.029322; 0.000000; 0.000000; 0.000000
2188376746744971; ACC; -0.913273; 3.483324; 9.066813; 0.000000; 0.000000; 0.000000
2188376747595971; GYRO; -0.008884; 0.008657; 0.010367; 0.000000; 0.000000; 0.000000
2188376766598096; ACC; -0.933614; 3.506567; 9.203857; 0.000000; 0.000000; 0.000000
2188376767449096; GYRO; -0.046810; 0.026302; -0.006405; 0.000000; 0.000000; 0.000000
2188376786451221; ACC; -0.994714; 3.538017; 9.377121; 0.000000; 0.000000; 0.000000
2188376787302221; GYRO; -0.032812; 0.048747; -0.000454; 0.000000; 0.000000; 0.000000
2188376806302783; ACC; -0.961004; 3.455733; 9.321259; 0.000000; 0.000000; 0.000000
2188376807153783; GYRO; 0.019303; 0.016668; 0.012968; 0.000000; 0.000000; 0.000000
2188376826155908; ACC; -0.888115; 3.465415; 9.194165; 0.000000; 0.000000; 0.000000
2188376827006908; GYRO; 0.038607; -0.046984; 0.021101; 0.000000; 0.000000; 0.000000
2188376846009033; ACC; -0.902901; 3.524112; 9.125519; 0.000000; 0.000000; 0.000000
2188376846860033; GYRO; 0.007889; -0.026983; 0.003089; 0.000000; 0.000000; 0.000000
2188376865860596; ACC; -0.932877; 3.462514; 9.220454; 0.000000; 0.000000; 0.000000
2188376866711596; GYRO; -0.027576; 0.018762; -0.010245; 0.000000; 0.000000; 0.000000
2188376885713721; ACC; -0.984678; 3.481543; 9.309575; 0.000000; 0.000000; 0.000000
2188376886564721; GYRO; -0.015586; 0.015987; 0.002740; 0.000000; 0.000000; 0.000000
2188376905566846; ACC; -0.947012; 3.526171; 9.307670; 0.000000; 0.000000; 0.000000
2188376906417846; GYRO; 0.016581; -0.003508; 0.008604; 0.000000; 0.000000; 0.000000
2188376925419971; ACC; -0.912469; 3.428305; 9.213060; 0.000000; 0.000000; 0.000000
2188376926270971; GYRO; 0.019391; -0.004904; -0.000977; 0.000000; 0.000000; 0.000000
2188376945271533; ACC; -0.933978; 3.412475; 9.175826; 0.000000; 0.000000; 0.000000
2188376946122533; GYRO; -0.002705; 0.004381; 0.003910; 0.000000; 0.000000; 0.000000
2188376965124658; ACC; -0.952835; 3.495592; 9.232108; 0.000000; 0.000000; 0.000000
2188376965975658; GYRO; -0.011956; 0.027541; 0.007313; 0.000000; 0.000000; 0.000000
2188376984977783; ACC; -0.929448; 3.439376; 9.199844; 0.000000; 0.000000; 0.000000
2188376985828783; GYRO; 0.004416; 0.030072; 0.006528; 0.000000; 0.000000; 0.000000
2188377004829346; ACC; -0.960688; 3.510944; 9.102151; 0.000000; 0.000000; 0.000000
2188377005680346; GYRO; 0.013544; 0.006004; 0.016842; 0.000000; 0.000000; 0.000000
2188377024682471; ACC; -0.901063; 3.441684; 9.037460; 0.000000; 0.000000; 0.000000
2188377025533471; GYRO; 0.007121; -0.006144; 0.006074; 0.000000; 0.000000; 0.000000
2188377044535596; ACC; -0.965505; 3.471430; 9.107227; 0.000000; 0.000000; 0.000000
2188377045386596; GYRO; -0.024644; -0.008290; -0.009721; 0.000000; 0.000000; 0.000000
2188377064387158; ACC; -0.971136; 3.481571; 9.320128; 0.000000; 0.000000; 0.000000
2188377065238158; GYRO; -0.042237; 0.015324; -0.002548; 0.000000; 0.000000; 0.000000
2188377084240283; ACC; -0.974354; 3.514956; 9.421844; 0.000000; 0.000000; 0.000000
2188377085091283; GYRO; -0.013265; 0.026320; -0.000314; 0.000000; 0.000000; 0.000000
2188377104093408; ACC; -0.954463; 3.494788; 9.328078; 0.000000; 0.000000; 0.000000
2188377104944408; GYRO; 0.013020; -0.001012; 0.005393; 0.000000; 0.000000; 0.000000
2188377123944971; ACC; -0.907862; 3.490727; 9.299290; 0.000000; 0.000000; 0.000000
2188377124795971; GYRO; 0.009041; -0.012270; 0.005812; 0.000000; 0.000000; 0.000000
2188377143798096; ACC; -0.926700; 3.452573; 9.285825; 0.000000; 0.000000; 0.000000
2188377144649096; GYRO; 0.009390; 0.027716; -0.007924; 0.000000; 0.000000; 0.000000
2188377163651221; ACC; -0.997760; 3.452496; 9.229725; 0.000000; 0.000000; 0.000000
2188377164502221; GYRO; 0.005253; 0.018902; 0.001047; 0.000000; 0.000000; 0.000000
2188377183504346; ACC; -0.923922; 3.446856; 9.265311; 0.000000; 0.000000; 0.000000
2188377184355346; GYRO; 0.009809; -0.001553; 0.020228; 0.000000; 0.000000; 0.000000
2188377203355908; ACC; -0.838842; 3.484550; 9.199107; 0.000000; 0.000000; 0.000000
2188377204206908; GYRO; 0.029234; 0.022009; 0.008709; 0.000000; 0.000000; 0.000000
2188377223207471; ACC; -0.911003; 3.449096; 9.016928; 0.000000; 0.000000; 0.000000
2188377224058471; GYRO; 0.021101; 0.023318; -0.006231; 0.000000; 0.000000; 0.000000
2188377243060596; ACC; -0.927361; 3.427932; 8.959026; 0.000000; 0.000000; 0.000000
2188377243911596; GYRO; -0.001902; -0.009739; 0.006859; 0.000000; 0.000000; 0.000000
2188377262913721; ACC; -0.856339; 3.505868; 9.111987; 0.000000; 0.000000; 0.000000
2188377263764721; GYRO; -0.021590; -0.006580; -0.001815; 0.000000; 0.000000; 0.000000
2188377282766846; ACC; -0.864048; 3.517188; 9.211949; 0.000000; 0.000000; 0.000000
2188377283617846; GYRO; -0.021153; 0.026529; -0.020665; 0.000000; 0.000000; 0.000000
2188377302618408; ACC; -0.864604; 3.467015; 9.265369; 0.000000; 0.000000; 0.000000
2188377303469408; GYRO; -0.004817; -0.000628; -0.022218; 0.000000; 0.000000; 0.000000
2188377322471533; ACC; -0.812199; 3.478641; 9.257047; 0.000000; 0.000000; 0.000000
2188377323322533; GYRO; 0.011275; -0.020159; -0.025639; 0.000000; 0.000000; 0.000000
2188377342324658; ACC; -1.007767; 3.508875; 9.239023; 0.000000; 0.000000; 0.000000
2188377343175658; GYRO; 0.008011; -0.015149; -0.034174; 0.000000; 0.000000; 0.000000
2188377362177783; ACC; -0.951753; 3.403300; 9.217302; 0.000000; 0.000000; 0.000000
2188377363028783; GYRO; -0.008709; 0.000384; -0.044209; 0.000000; 0.000000; 0.000000
2188377382029346; ACC; -1.022334; 3.447459; 9.264029; 0.000000; 0.000000; 0.000000
2188377382880346; GYRO; -0.003718; 0.024225; -0.019844; 0.000000; 0.000000; 0.000000
2188377401882471; ACC; -1.002098; 3.486504; 9.192240; 0.000000; 0.000000; 0.000000
2188377402733471; GYRO; 0.024103; -0.016982; -0.006667; 0.000000; 0.000000; 0.000000
2188377421734033; ACC; -0.905976; 3.481418; 9.096961; 0.000000; 0.000000; 0.000000
2188377422585033; GYRO; 0.013980; -0.015638; -0.021101; 0.000000; 0.000000; 0.000000
2188377441587158; ACC; -0.961598; 3.453157; 9.120147; 0.000000; 0.000000; 0.000000
2188377442438158; GYRO; -0.022305; 0.009547; -0.038083; 0.000000; 0.000000; 0.000000
2188377461440283; ACC; -1.075274; 3.396520; 9.227857; 0.000000; 0.000000; 0.000000
2188377462291283; GYRO; -0.026826; -0.008692; -0.028850; 0.000000; 0.000000; 0.000000
2188377481291846; ACC; -1.018072; 3.445783; 9.373788; 0.000000; 0.000000; 0.000000
2188377482142846; GYRO; -0.000471; -0.033039; -0.002775; 0.000000; 0.000000; 0.000000
2188377501144971; ACC; -0.951370; 3.428928; 9.281123; 0.000000; 0.000000; 0.000000
2188377501995971; GYRO; 0.026721; 0.007837; -0.000192; 0.000000; 0.000000; 0.000000
2188377520998096; ACC; -0.982006; 3.485613; 9.081906; 0.000000; 0.000000; 0.000000
2188377521849096; GYRO; 0.021537; 0.008168; 0.006213; 0.000000; 0.000000; 0.000000
2188377540851221; ACC; -0.902796; 3.537902; 9.068394; 0.000000; 0.000000; 0.000000
2188377541702221; GYRO; -0.002635; -0.007208; 0.004573; 0.000000; 0.000000; 0.000000
2188377560702783; ACC; -0.853198; 3.573624; 9.161489; 0.000000; 0.000000; 0.000000
2188377561553783; GYRO; -0.007505; 0.005306; -0.027279; 0.000000; 0.000000; 0.000000
2188377580555908; ACC; -0.913723; 3.498120; 9.164123; 0.000000; 0.000000; 0.000000
2188377581406908; GYRO; -0.005323; -0.006824; -0.045099; 0.000000; 0.000000; 0.000000
2188377600409033; ACC; -0.936755; 3.466373; 9.249137; 0.000000; 0.000000; 0.000000
2188377601260033; GYRO; -0.017680; -0.032132; -0.040771; 0.000000; 0.000000; 0.000000
2188377620260596; ACC; -0.941180; 3.442805; 9.365035; 0.000000; 0.000000; 0.000000
2188377621111596; GYRO; -0.009582; -0.017069; -0.045850; 0.000000; 0.000000; 0.000000
2188377640113721; ACC; -1.075858; 3.467752; 9.340700; 0.000000; 0.000000; 0.000000
2188377640964721; GYRO; 0.002304; 0.009006; -0.044436; 0.000000; 0.000000; 0.000000
2188377659966846; ACC; -1.084142; 3.379339; 9.256511; 0.000000; 0.000000; 0.000000
2188377660817846; GYRO; 0.011711; 0.006650; -0.013631; 0.000000; 0.000000; 0.000000
2188377679819971; ACC; -0.959989; 3.397468; 9.173653; 0.000000; 0.000000; 0.000000
2188377680670971; GYRO; 0.012147; 0.003403; 0.002112; 0.000000; 0.000000; 0.000000
2188377699671533; ACC; -0.891505; 3.428842; 9.131025; 0.000000; 0.000000; 0.000000
2188377700522533; GYRO; 0.014032; 0.009198; -0.016389; 0.000000; 0.000000; 0.000000
2188377719524658; ACC; -1.031374; 3.518825; 9.055283; 0.000000; 0.000000; 0.000000
2188377720375658; GYRO; 0.003438; -0.003229; -0.021886; 0.000000; 0.000000; 0.000000
2188377739377783; ACC; -0.974239; 3.523451; 9.125011; 0.000000; 0.000000; 0.000000
2188377740228783; GYRO; -0.010821; -0.012968; -0.012444; 0.000000; 0.000000; 0.000000
2188377759229346; ACC; -0.900584; 3.539540; 9.242030; 0.000000; 0.000000; 0.000000
2188377760080346; GYRO; -0.011135; -0.009093; -0.026843; 0.000000; 0.000000; 0.000000
2188377779082471; ACC; -0.976806; 3.482156; 9.318616; 0.000000; 0.000000; 0.000000
2188377779933471; GYRO; -0.002321; -0.007138; -0.043406; 0.000000; 0.000000; 0.000000
2188377798935596; ACC; -1.098709; 3.438016; 9.262114; 0.000000; 0.000000; 0.000000
2188377799786596; GYRO; 0.017715; -0.007767; -0.025552; 0.000000; 0.000000; 0.000000
2188377818787158; ACC; -1.023971; 3.409027; 9.228307; 0.000000; 0.000000; 0.000000
2188377819638158; GYRO; 0.003805; -0.005131; -0.013771; 0.000000; 0.000000; 0.000000
2188377838640283; ACC; -0.963733; 3.424819; 9.354032; 0.000000; 0.000000; 0.000000
2188377839491283; GYRO; -0.005760; 0.006004; -0.016284; 0.000000; 0.000000; 0.000000
2188377858493408; ACC; -1.074671; 3.444385; 9.400594; 0.000000; 0.000000; 0.000000
2188377859344408; GYRO; 0.018099; 0.013858; -0.025220; 0.000000; 0.000000; 0.000000
2188377878346533; ACC; -1.152310; 3.372597; 9.201750; 0.000000; 0.000000; 0.000000
2188377879197533; GYRO; 0.037036; 0.012863; 0.000157; 0.000000; 0.000000; 0.000000
2188377898198096; ACC; -1.061311; 3.397018; 9.102065; 0.000000; 0.000000; 0.000000
2188377899049096; GYRO; 0.017383; 0.017366; 0.031049; 0.000000; 0.000000; 0.000000
2188377918051221; ACC; -0.910084; 3.454709; 9.093159; 0.000000; 0.000000; 0.000000
2188377918902221; GYRO; 0.007784; 0.041033; 0.024539; 0.000000; 0.000000; 0.000000
2188377937904346; ACC; -0.930559; 3.552919; 9.108348; 0.000000; 0.000000; 0.000000
2188377938755346; GYRO; 0.009076; 0.022724; 0.005271; 0.000000; 0.000000; 0.000000
2188377957755908; ACC; -0.933001; 3.539837; 9.115674; 0.000000; 0.000000; 0.000000
2188377958606908; GYRO; 0.008936; -0.012043; -0.007418; 0.000000; 0.000000; 0.000000
2188377977609033; ACC; -0.901091; 3.543256; 9.161058; 0.000000; 0.000000; 0.000000
2188377978460033; GYRO; -0.002356; -0.001920; -0.023754; 0.000000; 0.000000; 0.000000
2188377997462158; ACC; -0.977428; 3.519946; 9.229063; 0.000000; 0.000000; 0.000000
2188377998313158; GYRO; -0.025220; 0.017471; -0.041399; 0.000000; 0.000000; 0.000000
2188378017313721; ACC; -1.084401; 3.470989; 9.346647; 0.000000; 0.000000; 0.000000
2188378018164721; GYRO; -0.017209; 0.003281; -0.025901; 0.000000; 0.000000; 0.000000
2188378037166846; ACC; -1.100720; 3.426495; 9.320493; 0.000000; 0.000000; 0.000000
2188378038017846; GYRO; 0.010053; -0.008639; -0.001518; 0.000000; 0.000000; 0.000000
2188378057019971; ACC; -1.036163; 3.431801; 9.190851; 0.000000; 0.000000; 0.000000
2188378057870971; GYRO; 0.018972; -0.000017; 0.012723; 0.000000; 0.000000; 0.000000
2188378076871533; ACC; -0.965534; 3.532300; 9.149931; 0.000000; 0.000000; 0.000000
2188378077722533; GYRO; -0.008482; 0.009896; 0.002810; 0.000000; 0.000000; 0.000000
2188378096724658; ACC; -0.925704; 3.581046; 9.344253; 0.000000; 0.000000; 0.000000
2188378097575658; GYRO; -0.019827; 0.012828; -0.018082; 0.000000; 0.000000; 0.000000
2188378116577783; ACC; -0.993230; 3.509191; 9.312840; 0.000000; 0.000000; 0.000000
2188378117428783; GYRO; 0.017261; 0.019059; -0.024295; 0.000000; 0.000000; 0.000000
2188378136430908; ACC; -1.040654; 3.478373; 9.121775; 0.000000; 0.000000; 0.000000
2188378137281908; GYRO; 0.034907; -0.008709; -0.008465; 0.000000; 0.000000; 0.000000
2188378156280908; ACC; -1.018656; 3.498283; 9.061574; 0.000000; 0.000000; 0.000000
2188378157131908; GYRO; 0.013404; -0.006475; -0.007976; 0.000000; 0.000000; 0.000000
2188378176135596; ACC; -0.962249; 3.477224; 9.164477; 0.000000; 0.000000; 0.000000
2188378176986596; GYRO; -0.020193; 0.010297; -0.018815; 0.000000; 0.000000; 0.000000
2188378195988721; ACC; -0.971557; 3.483726; 9.315972; 0.000000; 0.000000; 0.000000
2188378196839721; GYRO; -0.020473; 0.016389; -0.028187; 0.000000; 0.000000; 0.000000
2188378215840283; ACC; -1.040444; 3.464975; 9.317716; 0.000000; 0.000000; 0.000000
2188378216691283; GYRO; 0.010943; 0.000908; -0.013631; 0.000000; 0.000000; 0.000000
2188378235693408; ACC; -1.024661; 3.417512; 9.185815; 0.000000; 0.000000; 0.000000
2188378236544408; GYRO; 0.029060; -0.019094; 0.007103; 0.000000; 0.000000; 0.000000
2188378255544971; ACC; -0.993191; 3.461000; 9.088294; 0.000000; 0.000000; 0.000000
2188378256395971; GYRO; 0.020822; -0.011275; 0.014486; 0.000000; 0.000000; 0.000000
2188378275398096; ACC; -0.960563; 3.456289; 9.042306; 0.000000; 0.000000; 0.000000
2188378276249096; GYRO; 0.001710; -0.015062; -0.000681; 0.000000; 0.000000; 0.000000
2188378295251221; ACC; -1.009453; 3.485077; 9.167188; 0.000000; 0.000000; 0.000000
2188378296102221; GYRO; -0.015533; -0.034907; -0.000873; 0.000000; 0.000000; 0.000000
2188378315104346; ACC; -0.984994; 3.495238; 9.311587; 0.000000; 0.000000; 0.000000
2188378315955346; GYRO; -0.012811; -0.014294; -0.001518; 0.000000; 0.000000; 0.000000
2188378334957471; ACC; -0.937751; 3.473115; 9.289886; 0.000000; 0.000000; 0.000000
2188378335808471; GYRO; 0.007976; 0.020508; -0.007732; 0.000000; 0.000000; 0.000000
2188378354809033; ACC; -1.024010; 3.518548; 9.137470; 0.000000; 0.000000; 0.000000
2188378355660033; GYRO; 0.011467; 0.008360; -0.007418; 0.000000; 0.000000; 0.000000
2188378374662158; ACC; -1.003745; 3.470127; 9.036034; 0.000000; 0.000000; 0.000000
2188378375513158; GYRO; 0.010786; -0.014800; -0.002042; 0.000000; 0.000000; 0.000000
2188378394515283; ACC; -0.993373; 3.496559; 9.030210; 0.000000; 0.000000; 0.000000
2188378395366283; GYRO; -0.004573; -0.022201; -0.016406; 0.000000; 0.000000; 0.000000
2188378414366846; ACC; -1.070361; 3.527703; 9.148264; 0.000000; 0.000000; 0.000000
2188378415217846; GYRO; -0.022427; -0.019181; -0.023370; 0.000000; 0.000000; 0.000000
2188378434219971; ACC; -1.119998; 3.527349; 9.296092; 0.000000; 0.000000; 0.000000
2188378435070971; GYRO; -0.019495; -0.012217; -0.013544; 0.000000; 0.000000; 0.000000
2188378454071533; ACC; -1.070562; 3.519457; 9.333268; 0.000000; 0.000000; 0.000000
2188378454922533; GYRO; 0.000785; -0.005463; 0.004032; 0.000000; 0.000000; 0.000000
2188378473924658; ACC; -0.990634; 3.450552; 9.331640; 0.000000; 0.000000; 0.000000
2188378474775658; GYRO; 0.009774; -0.014888; 0.003299; 0.000000; 0.000000; 0.000000
2188378493777783; ACC; -1.052386; 3.470175; 9.374113; 0.000000; 0.000000; 0.000000
2188378494628783; GYRO; 0.010158; -0.006423; -0.003229; 0.000000; 0.000000; 0.000000
2188378513629346; ACC; -1.078071; 3.461393; 9.276296; 0.000000; 0.000000; 0.000000
2188378514480346; GYRO; 0.011851; 0.016162; 0.006405; 0.000000; 0.000000; 0.000000
2188378533482471; ACC; -1.016827; 3.492001; 9.255284; 0.000000; 0.000000; 0.000000
2188378534333471; GYRO; 0.006859; 0.012619; 0.023422; 0.000000; 0.000000; 0.000000
2188378553335596; ACC; -0.883058; 3.476754; 9.221144; 0.000000; 0.000000; 0.000000
2188378554186596; GYRO; 0.022707; 0.011798; 0.019443; 0.000000; 0.000000; 0.000000
2188378573188721; ACC; -0.931412; 3.525922; 9.050562; 0.000000; 0.000000; 0.000000
2188378574039721; GYRO; 0.020839; -0.000332; 0.007051; 0.000000; 0.000000; 0.000000
2188378593040283; ACC; -0.942588; 3.524208; 8.936090; 0.000000; 0.000000; 0.000000
2188378593891283; GYRO; 0.003142; -0.019897; 0.007173; 0.000000; 0.000000; 0.000000
2188378612893408; ACC; -0.902336; 3.494539; 8.981800; 0.000000; 0.000000; 0.000000
2188378613744408; GYRO; -0.022969; -0.027262; -0.000489; 0.000000; 0.000000; 0.000000
2188378632746533; ACC; -0.883470; 3.493332; 9.126161; 0.000000; 0.000000; 0.000000
2188378633597533; GYRO; -0.037193; -0.013718; -0.010420; 0.000000; 0.000000; 0.000000
2188378652598096; ACC; -0.949713; 3.492211; 9.270550; 0.000000; 0.000000; 0.000000
2188378653449096; GYRO; -0.019792; -0.006789; -0.024033; 0.000000; 0.000000; 0.000000
2188378672451221; ACC; -1.094255; 3.502104; 9.209172; 0.000000; 0.000000; 0.000000
2188378673302221; GYRO; 0.013928; -0.012060; -0.016458; 0.000000; 0.000000; 0.000000
2188378692304346; ACC; -1.040884; 3.490181; 9.146914; 0.000000; 0.000000; 0.000000
2188378693155346; GYRO; -0.001396; -0.025482; 0.007243; 0.000000; 0.000000; 0.000000
2188378712155908; ACC; -0.900124; 3.446750; 9.243371; 0.000000; 0.000000; 0.000000
2188378713006908; GYRO; -0.020019; 0.002443; -0.003543; 0.000000; 0.000000; 0.000000
2188378732009033; ACC; -0.971960; 3.472157; 9.247336; 0.000000; 0.000000; 0.000000
2188378732860033; GYRO; -0.010891; 0.008971; -0.020071; 0.000000; 0.000000; 0.000000
2188378751862158; ACC; -1.050518; 3.482194; 9.196061; 0.000000; 0.000000; 0.000000
2188378752713158; GYRO; -0.000750; -0.017558; -0.025220; 0.000000; 0.000000; 0.000000
2188378771713721; ACC; -1.097109; 3.508128; 9.182616; 0.000000; 0.000000; 0.000000
2188378772564721; GYRO; 0.001414; 0.001326; -0.004573; 0.000000; 0.000000; 0.000000
2188378791566846; ACC; -1.024757; 3.474035; 9.133726; 0.000000; 0.000000; 0.000000
2188378792417846; GYRO; -0.012374; 0.019862; 0.006021; 0.000000; 0.000000; 0.000000
2188378811419971; ACC; -0.973684; 3.505064; 9.182166; 0.000000; 0.000000; 0.000000
2188378812270971; GYRO; -0.023911; 0.014800; -0.001623; 0.000000; 0.000000; 0.000000
2188378831273096; ACC; -1.070582; 3.527492; 9.344761; 0.000000; 0.000000; 0.000000
2188378832124096; GYRO; -0.014713; 0.004677; -0.009023; 0.000000; 0.000000; 0.000000
2188378851124658; ACC; -1.112356; 3.464764; 9.362516; 0.000000; 0.000000; 0.000000
2188378851975658; GYRO; 0.012427; 0.009407; 0.013299; 0.000000; 0.000000; 0.000000
2188378870977783; ACC; -1.012968; 3.423182; 9.264354; 0.000000; 0.000000; 0.000000
2188378871828783; GYRO; 0.025953; 0.004922; 0.045169; 0.000000; 0.000000; 0.000000
2188378890830908; ACC; -0.943411; 3.527780; 9.219707; 0.000000; 0.000000; 0.000000
2188378891681908; GYRO; 0.025552; 0.019879; 0.029915; 0.000000; 0.000000; 0.000000
2188378910682471; ACC; -0.972170; 3.505992; 9.198609; 0.000000; 0.000000; 0.000000
2188378911533471; GYRO; 0.015708; 0.039183; 0.002653; 0.000000; 0.000000; 0.000000
2188378930535596; ACC; -1.046477; 3.453416; 9.160005; 0.000000; 0.000000; 0.000000
2188378931386596; GYRO; 0.016895; 0.038310; 0.014940; 0.000000; 0.000000; 0.000000
2188378950388721; ACC; -1.032495; 3.486226; 9.205332; 0.000000; 0.000000; 0.000000
2188378951239721; GYRO; 0.021450; 0.045867; 0.023806; 0.000000; 0.000000; 0.000000
2188378970240283; ACC; -0.995279; 3.447440; 9.148809; 0.000000; 0.000000; 0.000000
2188378971091283; GYRO; 0.023265; 0.042254; 0.033615; 0.000000; 0.000000; 0.000000
2188378990093408; ACC; -0.985722; 3.513031; 9.127980; 0.000000; 0.000000; 0.000000
2188378990944408; GYRO; 0.018169; 0.003089; 0.039078; 0.000000; 0.000000; 0.000000
2188379009946533; ACC; -0.911157; 3.519543; 9.143667; 0.000000; 0.000000; 0.000000
2188379010797533; GYRO; 0.019199; -0.006074; 0.028711; 0.000000; 0.000000; 0.000000
2188379029798096; ACC; -0.910122; 3.544012; 9.174495; 0.000000; 0.000000; 0.000000
2188379030649096; GYRO; 0.002758; 0.011083; 0.009844; 0.000000; 0.000000; 0.000000
2188379049651221; ACC; -0.977648; 3.498178; 9.188448; 0.000000; 0.000000; 0.000000
2188379050502221; GYRO; 0.004433; 0.020525; 0.011327; 0.000000; 0.000000; 0.000000
2188379069504346; ACC; -0.961684; 3.527339; 9.141302; 0.000000; 0.000000; 0.000000
2188379070355346; GYRO; 0.013858; 0.011886; 0.020787; 0.000000; 0.000000; 0.000000
2188379089357471; ACC; -0.933882; 3.519840; 9.037900; 0.000000; 0.000000; 0.000000
2188379090208471; GYRO; 0.021433; 0.010804; 0.026302; 0.000000; 0.000000; 0.000000
2188379109209033; ACC; -0.878787; 3.481600; 8.976082; 0.000000; 0.000000; 0.000000
2188379110060033; GYRO; 0.003194; -0.004294; 0.007889; 0.000000; 0.000000; 0.000000
2188379129062158; ACC; -0.948650; 3.574160; 9.129340; 0.000000; 0.000000; 0.000000
2188379129913158; GYRO; -0.034889; -0.005411; -0.006493; 0.000000; 0.000000; 0.000000
2188379148915283; ACC; -0.963973; 3.547728; 9.358857; 0.000000; 0.000000; 0.000000
2188379149766283; GYRO; -0.020455; 0.018466; -0.008447; 0.000000; 0.000000; 0.000000
2188379168766846; ACC; -0.991956; 3.524725; 9.385912; 0.000000; 0.000000; 0.000000
2188379169617846; GYRO; 0.022131; 0.010647; 0.007034; 0.000000; 0.000000; 0.000000
2188379188619971; ACC; -0.989380; 3.567399; 9.232004; 0.000000; 0.000000; 0.000000
2188379189470971; GYRO; 0.037106; 0.016668; 0.008186; 0.000000; 0.000000; 0.000000
2188379208473096; ACC; -0.993259; 3.536638; 9.113060; 0.000000; 0.000000; 0.000000
2188379209324096; GYRO; 0.012881; 0.016528; -0.000401; 0.000000; 0.000000; 0.000000
2188379228326221; ACC; -1.012240; 3.583249; 9.192547; 0.000000; 0.000000; 0.000000
2188379229177221; GYRO; -0.007557; 0.014835; -0.005079; 0.000000; 0.000000; 0.000000
2188379248177783; ACC; -0.991583; 3.584714; 9.328671; 0.000000; 0.000000; 0.000000
2188379249028783; GYRO; 0.000908; 0.017942; -0.005219; 0.000000; 0.000000; 0.000000
2188379268030908; ACC; -0.987953; 3.530940; 9.307584; 0.000000; 0.000000; 0.000000
2188379268881908; GYRO; 0.033632; 0.004835; -0.003665; 0.000000; 0.000000; 0.000000
2188379287884033; ACC; -1.038930; 3.498091; 9.127234; 0.000000; 0.000000; 0.000000
2188379288735033; GYRO; 0.054629; -0.003316; 0.009163; 0.000000; 0.000000; 0.000000
2188379307735596; ACC; -1.062805; 3.495448; 8.953079; 0.000000; 0.000000; 0.000000
2188379308586596; GYRO; 0.040108; 0.004346; 0.013980; 0.000000; 0.000000; 0.000000
2188379327588721; ACC; -1.038873; 3.489587; 8.881186; 0.000000; 0.000000; 0.000000
2188379328439721; GYRO; 0.005986; 0.020490; 0.006493; 0.000000; 0.000000; 0.000000
2188379347440283; ACC; -1.032054; 3.529159; 8.966123; 0.000000; 0.000000; 0.000000
2188379348291283; GYRO; -0.006510; 0.014155; 0.007208; 0.000000; 0.000000; 0.000000
2188379367293408; ACC; -1.012671; 3.536217; 9.021524; 0.000000; 0.000000; 0.000000
2188379368144408; GYRO; -0.002164; -0.002199; 0.007069; 0.000000; 0.000000; 0.000000
2188379387146533; ACC; -0.988671; 3.512160; 8.992229; 0.000000; 0.000000; 0.000000
2188379387997533; GYRO; -0.014905; -0.018326; 0.004747; 0.000000; 0.000000; 0.000000
2188379406999658; ACC; -0.979640; 3.494673; 9.074991; 0.000000; 0.000000; 0.000000
2188379407850658; GYRO; -0.033737; -0.022288; -0.005149; 0.000000; 0.000000; 0.000000
2188379426852783; ACC; -0.991812; 3.547297; 9.207037; 0.000000; 0.000000; 0.000000
2188379427703783; GYRO; -0.034348; -0.017244; -0.014678; 0.000000; 0.000000; 0.000000
2188379446704346; ACC; -1.068762; 3.535230; 9.235509; 0.000000; 0.000000; 0.000000
2188379447555346; GYRO; -0.026546; -0.010612; -0.006912; 0.000000; 0.000000; 0.000000
2188379466557471; ACC; -1.064165; 3.550343; 9.208549; 0.000000; 0.000000; 0.000000
2188379467408471; GYRO; -0.024941; -0.006981; 0.016738; 0.000000; 0.000000; 0.000000
2188379486410596; ACC; -0.974660; 3.587577; 9.189971; 0.000000; 0.000000; 0.000000
2188379487261596; GYRO; -0.015219; -0.006266; 0.033249; 0.000000; 0.000000; 0.000000
2188379506262158; ACC; -0.884753; 3.604241; 9.144970; 0.000000; 0.000000; 0.000000
2188379507113158; GYRO; -0.004049; -0.002251; 0.013142; 0.000000; 0.000000; 0.000000
2188379526115283; ACC; -0.864029; 3.553876; 9.145018; 0.000000; 0.000000; 0.000000
2188379526966283; GYRO; -0.013945; 0.005027; -0.021904; 0.000000; 0.000000; 0.000000
2188379545968408; ACC; -1.031748; 3.542059; 9.188305; 0.000000; 0.000000; 0.000000
2188379546819408; GYRO; -0.022532; -0.017331; -0.022672; 0.000000; 0.000000; 0.000000
2188379565819971; ACC; -1.074949; 3.585173; 9.195037; 0.000000; 0.000000; 0.000000
2188379566670971; GYRO; -0.011310; -0.009198; -0.007662; 0.000000; 0.000000; 0.000000
2188379585673096; ACC; -0.910735; 3.528766; 9.112830; 0.000000; 0.000000; 0.000000
2188379586524096; GYRO; -0.007941; 0.015045; -0.010716; 0.000000; 0.000000; 0.000000
2188379605526221; ACC; -0.914154; 3.513702; 9.089088; 0.000000; 0.000000; 0.000000
2188379606377221; GYRO; -0.016685; -0.000559; -0.021415; 0.000000; 0.000000; 0.000000
2188379625379346; ACC; -0.949406; 3.522896; 9.179628; 0.000000; 0.000000; 0.000000
2188379626230346; GYRO; -0.013701; -0.033790; -0.026913; 0.000000; 0.000000; 0.000000
2188379645230908; ACC; -1.020715; 3.520089; 9.208502; 0.000000; 0.000000; 0.000000
2188379646081908; GYRO; -0.015865; -0.007278; -0.038345; 0.000000; 0.000000; 0.000000
2188379665084033; ACC; -1.051495; 3.456873; 9.168164; 0.000000; 0.000000; 0.000000
2188379665935033; GYRO; -0.038764; 0.015307; -0.026128; 0.000000; 0.000000; 0.000000
2188379684937158; ACC; -1.032772; 3.501463; 9.242853; 0.000000; 0.000000; 0.000000
2188379685788158; GYRO; -0.034645; -0.000122; 0.005882; 0.000000; 0.000000; 0.000000
2188379704788721; ACC; -0.910534; 3.557611; 9.259249; 0.000000; 0.000000; 0.000000
2188379705639721; GYRO; -0.006370; -0.006388; 0.002583; 0.000000; 0.000000; 0.000000
2188379724641846; ACC; -0.873548; 3.515081; 9.130383; 0.000000; 0.000000; 0.000000
2188379725492846; GYRO; 0.009198; 0.000576; -0.027629; 0.000000; 0.000000; 0.000000
2188379744494971; ACC; -0.971806; 3.425719; 9.119294; 0.000000; 0.000000; 0.000000
2188379745345971; GYRO; 0.006597; -0.014137; -0.033824; 0.000000; 0.000000; 0.000000
2188379764346533; ACC; -1.065362; 3.432299; 9.033208; 0.000000; 0.000000; 0.000000
2188379765197533; GYRO; 0.014957; -0.010455; -0.019792; 0.000000; 0.000000; 0.000000
2188379784199658; ACC; -1.059664; 3.446338; 8.895646; 0.000000; 0.000000; 0.000000
2188379785050658; GYRO; 0.001187; -0.007069; -0.012182; 0.000000; 0.000000; 0.000000
2188379804052783; ACC; -1.012134; 3.427826; 8.923429; 0.000000; 0.000000; 0.000000
2188379804903783; GYRO; -0.036704; -0.035867; -0.017244; 0.000000; 0.000000; 0.000000
2188379823904346; ACC; -0.979449; 3.458223; 9.169610; 0.000000; 0.000000; 0.000000
2188379824755346; GYRO; -0.056601; -0.025429; -0.024208; 0.000000; 0.000000; 0.000000
2188379843757471; ACC; -1.011981; 3.442134; 9.341322; 0.000000; 0.000000; 0.000000
2188379844608471; GYRO; -0.031276; -0.008273; -0.026424; 0.000000; 0.000000; 0.000000
2188379863609033; ACC; -1.068915; 3.481342; 9.353983; 0.000000; 0.000000; 0.000000
2188379864460033; GYRO; 0.008517; -0.013509; -0.012427; 0.000000; 0.000000; 0.000000
2188379883462158; ACC; -1.013552; 3.423852; 9.235681; 0.000000; 0.000000; 0.000000
2188379884313158; GYRO; 0.025726; -0.004503; 0.000785; 0.000000; 0.000000; 0.000000
2188379903315283; ACC; -0.964787; 3.514305; 9.235298; 0.000000; 0.000000; 0.000000
2188379904166283; GYRO; -0.004957; 0.010996; -0.003700; 0.000000; 0.000000; 0.000000
2188379923166846; ACC; -0.977706; 3.477904; 9.271671; 0.000000; 0.000000; 0.000000
2188379924017846; GYRO; -0.000017; 0.045221; -0.015115; 0.000000; 0.000000; 0.000000
2188379943019971; ACC; -1.044447; 3.449355; 9.212276; 0.000000; 0.000000; 0.000000
2188379943870971; GYRO; 0.031625; 0.016982; 0.000367; 0.000000; 0.000000; 0.000000
2188379962873096; ACC; -0.965122; 3.449594; 9.169084; 0.000000; 0.000000; 0.000000
2188379963724096; GYRO; 0.042586; 0.004189; 0.005411; 0.000000; 0.000000; 0.000000
2188379982724658; ACC; -1.038087; 3.537596; 9.137116; 0.000000; 0.000000; 0.000000
2188379983575658; GYRO; 0.035465; 0.047124; -0.001780; 0.000000; 0.000000; 0.000000
2188380002579346; ACC; -1.063006; 3.497641; 9.004057; 0.000000; 0.000000; 0.000000
2188380003430346; GYRO; 0.031940; 0.038048; 0.011205; 0.000000; 0.000000; 0.000000
2188380022430908; ACC; -0.962488; 3.499585; 8.915308; 0.000000; 0.000000; 0.000000
2188380023281908; GYRO; 0.010647; -0.004346; 0.016144; 0.000000; 0.000000; 0.000000
2188380042284033; ACC; -0.853705; 3.536111; 9.005904; 0.000000; 0.000000; 0.000000
2188380043135033; GYRO; -0.026093; -0.022934; -0.006562; 0.000000; 0.000000; 0.000000
2188380062135596; ACC; -0.953247; 3.588085; 9.166967; 0.000000; 0.000000; 0.000000
2188380062986596; GYRO; -0.027524; 0.004608; -0.042813; 0.000000; 0.000000; 0.000000
2188380081988721; ACC; -1.016243; 3.540153; 9.303331; 0.000000; 0.000000; 0.000000
2188380082839721; GYRO; -0.022759; 0.017296; -0.041731; 0.000000; 0.000000; 0.000000
2188380101841846; ACC; -1.058094; 3.457792; 9.292912; 0.000000; 0.000000; 0.000000
2188380102692846; GYRO; 0.002705; 0.014818; -0.021799; 0.000000; 0.000000; 0.000000
2188380121693408; ACC; -1.102108; 3.459382; 9.158272; 0.000000; 0.000000; 0.000000
2188380122544408; GYRO; 0.022427; -0.005393; 0.001082; 0.000000; 0.000000; 0.000000
2188380141546533; ACC; -1.067306; 3.485354; 9.093915; 0.000000; 0.000000; 0.000000
2188380142397533; GYRO; 0.007418; 0.011135; 0.003962; 0.000000; 0.000000; 0.000000
2188380161399658; ACC; -0.916481; 3.471027; 9.129493; 0.000000; 0.000000; 0.000000
2188380162250658; GYRO; -0.013614; 0.040736; -0.016092; 0.000000; 0.000000; 0.000000
2188380181252783; ACC; -1.039792; 3.488045; 9.143102; 0.000000; 0.000000; 0.000000
2188380182103783; GYRO; -0.005428; 0.047892; -0.043633; 0.000000; 0.000000; 0.000000
2188380201104346; ACC; -1.078846; 3.444538; 9.074005; 0.000000; 0.000000; 0.000000
2188380201955346; GYRO; -0.002950; 0.021258; -0.019234; 0.000000; 0.000000; 0.000000
2188380220957471; ACC; -1.064328; 3.490928; 9.081724; 0.000000; 0.000000; 0.000000
2188380221808471; GYRO; -0.003019; 0.014992; 0.004660; 0.000000; 0.000000; 0.000000
2188380240810596; ACC; -0.955114; 3.512974; 9.087107; 0.000000; 0.000000; 0.000000
2188380241661596; GYRO; -0.000890; 0.026564; -0.008412; 0.000000; 0.000000; 0.000000
2188380260662158; ACC; -0.973387; 3.490497; 9.240297; 0.000000; 0.000000; 0.000000
2188380261513158; GYRO; 0.001222; 0.061575; -0.026215; 0.000000; 0.000000; 0.000000
2188380280515283; ACC; -1.083204; 3.476055; 9.261643; 0.000000; 0.000000; 0.000000
2188380281366283; GYRO; 0.041312; 0.118822; -0.007854; 0.000000; 0.000000; 0.000000
2188380300368408; ACC; -1.192944; 3.571134; 9.162629; 0.000000; 0.000000; 0.000000
2188380301219408; GYRO; 0.048363; 0.089047; 0.031416; 0.000000; 0.000000; 0.000000
2188380320219971; ACC; -0.798332; 3.530614; 9.260983; 0.000000; 0.000000; 0.000000
2188380321070971; GYRO; 0.085521; 0.142559; 0.037350; 0.000000; 0.000000; 0.000000
2188380340073096; ACC; -1.533093; 3.694311; 8.275711; 0.000000; 0.000000; 0.000000
2188380340924096; GYRO; -0.000768; 0.025988; 0.068923; 0.000000; 0.000000; 0.000000
2188380359926221; ACC; -0.795325; 3.569889; 8.704494; 0.000000; 0.000000; 0.000000
2188380360777221; GYRO; -0.143169; -0.181008; 0.052622; 0.000000; 0.000000; 0.000000
