1273019737956807; ACC; 0.038307; 2.030283; 6.856994; 0.000000; 0.000000; 0.000000
1273019747936494; GYRO; 0.028431; -0.062919; -0.018867; 0.000000; 0.000000; 0.000000
1273019757947432; ACC; -0.306458; 1.991976; 8.504205; 0.000000; 0.000000; 0.000000
1273019767927119; GYRO; 0.000000; 0.000000; 0.000000; 0.000000; 0.000000; 0.000000
1273019777938057; ACC; -0.268151; 1.800440; 8.695741; 0.000000; 0.000000; 0.000000
1273019787948994; GYRO; -0.003665; 0.000506; 0.001239; 0.000000; 0.000000; 0.000000
1273019797930244; ACC; -0.459687; 1.838747; 8.236053; 0.000000; 0.000000; 0.000000
1273019807939619; GYRO; -0.005917; 0.003229; 0.006580; 0.000000; 0.000000; 0.000000
1273019817952119; ACC; -0.842759; 2.030283; 8.695741; 0.000000; 0.000000; 0.000000
1273019827931807; GYRO; -0.007994; 0.007435; 0.011380; 0.000000; 0.000000; 0.000000
1273019837942744; ACC; -1.264138; 2.298434; 10.304645; 0.000000; 0.000000; 0.000000
1273019847953682; GYRO; -0.136188; 0.185319; 0.247226; 0.000000; 0.000000; 0.000000
1273019857933369; ACC; -1.570596; 2.298434; 11.224017; 0.000000; 0.000000; 0.000000
1273019867944307; GYRO; -0.157830; 0.292901; 0.351090; 0.000000; 0.000000; 0.000000
1273019877955244; ACC; -1.723825; 2.489970; 11.415554; 0.000000; 0.000000; 0.000000
1273019887934932; GYRO; -0.185668; 0.367898; 0.437467; 0.000000; 0.000000; 0.000000
1273019897945869; ACC; -1.570596; 2.604892; 12.181698; 0.000000; 0.000000; 0.000000
1273019907927119; GYRO; -0.175161; 0.379749; 0.457957; 0.000000; 0.000000; 0.000000
1273019917936494; ACC; -1.647211; 2.298434; 12.794614; 0.000000; 0.000000; 0.000000
1273019927948994; GYRO; -0.179542; 0.361702; 0.451290; 0.000000; 0.000000; 0.000000
1273019937928682; ACC; -1.647211; 2.451663; 12.143391; 0.000000; 0.000000; 0.000000
1273019947938057; GYRO; -0.185284; 0.349624; 0.453611; 0.000000; 0.000000; 0.000000
1273019957950557; ACC; -1.493982; 2.566584; 11.568783; 0.000000; 0.000000; 0.000000
1273019967930244; GYRO; -0.182928; 0.331735; 0.449422; 0.000000; 0.000000; 0.000000
1273019977941182; ACC; -0.881066; 1.838747; 11.875240; 0.000000; 0.000000; 0.000000
1273019987952119; GYRO; -0.177325; 0.304333; 0.415615; 0.000000; 0.000000; 0.000000
1273019997931807; ACC; -0.612916; 1.340753; 13.752295; 0.000000; 0.000000; 0.000000
1273020007944307; GYRO; -0.177325; 0.268519; 0.382262; 0.000000; 0.000000; 0.000000
1273020017955244; ACC; -1.072602; 1.072602; 14.058752; 0.000000; 0.000000; 0.000000
1273020027933369; GYRO; -0.185110; 0.228778; 0.340688; 0.000000; 0.000000; 0.000000
1273020037945869; ACC; -1.110910; 0.957681; 12.488156; 0.000000; 0.000000; 0.000000
1273020047925557; GYRO; -0.192143; 0.197885; 0.308347; 0.000000; 0.000000; 0.000000
1273020057936494; ACC; -0.995988; 1.264138; 10.496181; 0.000000; 0.000000; 0.000000
1273020067947432; GYRO; -0.187640; 0.177832; 0.287997; 0.000000; 0.000000; 0.000000
1273020077927119; ACC; -0.842759; 1.800440; 8.887277; 0.000000; 0.000000; 0.000000
1273020087938057; GYRO; -0.185424; 0.163991; 0.273039; 0.000000; 0.000000; 0.000000
1273020097948994; ACC; -0.689530; 2.106898; 8.236053; 0.000000; 0.000000; 0.000000
1273020107930244; GYRO; -0.182003; 0.151617; 0.255377; 0.000000; 0.000000; 0.000000
1273020117939619; ACC; -0.421380; 2.106898; 8.236053; 0.000000; 0.000000; 0.000000
1273020127952119; GYRO; -0.175528; 0.139906; 0.238045; 0.000000; 0.000000; 0.000000
1273020137931807; ACC; -0.536301; 1.991976; 8.389283; 0.000000; 0.000000; 0.000000
1273020147942744; GYRO; -0.167813; 0.124442; 0.213227; 0.000000; 0.000000; 0.000000
1273020157953682; ACC; -1.455675; 1.723825; 8.121132; 0.000000; 0.000000; 0.000000
1273020167933369; GYRO; -0.150901; 0.107128; 0.185895; 0.000000; 0.000000; 0.000000
1273020177944307; ACC; -1.685518; 1.685518; 7.240066; 0.000000; 0.000000; 0.000000
1273020187955244; GYRO; -0.129469; 0.099746; 0.166784; 0.000000; 0.000000; 0.000000
1273020197934932; ACC; -1.110910; 1.685518; 6.742072; 0.000000; 0.000000; 0.000000
1273020207947432; GYRO; -0.102032; 0.102381; 0.156975; 0.000000; 0.000000; 0.000000
1273020217927119; ACC; -0.651223; 1.570596; 7.354988; 0.000000; 0.000000; 0.000000
1273020227938057; GYRO; -0.076253; 0.103184; 0.145979; 0.000000; 0.000000; 0.000000
1273020237948994; ACC; -0.995988; 1.493982; 8.389283; 0.000000; 0.000000; 0.000000
1273020247928682; GYRO; -0.059865; 0.099763; 0.135071; 0.000000; 0.000000; 0.000000
1273020257938057; ACC; -1.685518; 1.340753; 8.274361; 0.000000; 0.000000; 0.000000
1273020267950557; GYRO; -0.051348; 0.093410; 0.121004; 0.000000; 0.000000; 0.000000
1273020277930244; ACC; -1.570596; 1.417367; 7.546524; 0.000000; 0.000000; 0.000000
1273020287941182; GYRO; -0.045536; 0.088017; 0.107408; 0.000000; 0.000000; 0.000000
1273020297952119; ACC; -0.957681; 1.532289; 7.278373; 0.000000; 0.000000; 0.000000
1273020307933369; GYRO; -0.040369; 0.083444; 0.094684; 0.000000; 0.000000; 0.000000
1273020317944307; ACC; -0.536301; 1.608904; 8.197746; 0.000000; 0.000000; 0.000000
1273020327955244; GYRO; -0.038537; 0.080704; 0.092345; 0.000000; 0.000000; 0.000000
1273020337934932; ACC; -0.689530; 1.570596; 9.155427; 0.000000; 0.000000; 0.000000
1273020347945869; GYRO; -0.041155; 0.075800; 0.087982; 0.000000; 0.000000; 0.000000
1273020357925557; ACC; -0.919373; 1.493982; 8.772355; 0.000000; 0.000000; 0.000000
1273020367936494; GYRO; -0.044750; 0.069691; 0.080372; 0.000000; 0.000000; 0.000000
1273020377947432; ACC; -1.149217; 1.915361; 7.929596; 0.000000; 0.000000; 0.000000
1273020387927119; GYRO; -0.045134; 0.065031; 0.074543; 0.000000; 0.000000; 0.000000
1273020397938057; ACC; -1.340753; 2.106898; 7.201759; 0.000000; 0.000000; 0.000000
1273020407950557; GYRO; -0.044733; 0.061313; 0.072292; 0.000000; 0.000000; 0.000000
1273020417928682; ACC; -1.187524; 1.953669; 7.661446; 0.000000; 0.000000; 0.000000
1273020427939619; GYRO; -0.040177; 0.062221; 0.072676; 0.000000; 0.000000; 0.000000
1273020437952119; ACC; -1.187524; 2.183512; 8.044518; 0.000000; 0.000000; 0.000000
1273020447931807; GYRO; -0.035238; 0.066026; 0.075206; 0.000000; 0.000000; 0.000000
1273020457942744; ACC; -1.302446; 2.298434; 7.776367; 0.000000; 0.000000; 0.000000
1273020467953682; GYRO; -0.031032; 0.074072; 0.083793; 0.000000; 0.000000; 0.000000
1273020477933369; ACC; -1.455675; 2.260126; 7.814674; 0.000000; 0.000000; 0.000000
1273020487944307; GYRO; -0.025098; 0.081158; 0.091385; 0.000000; 0.000000; 0.000000
1273020497955244; ACC; -1.762132; 2.260126; 8.197746; 0.000000; 0.000000; 0.000000
1273020507934932; GYRO; -0.017942; 0.089256; 0.099309; 0.000000; 0.000000; 0.000000
1273020517947432; ACC; -1.570596; 2.068590; 8.963891; 0.000000; 0.000000; 0.000000
1273020527927119; GYRO; -0.009547; 0.094841; 0.101404; 0.000000; 0.000000; 0.000000
1273020537936494; ACC; -1.608904; 1.838747; 9.998186; 0.000000; 0.000000; 0.000000
1273020547948994; GYRO; -0.002217; 0.093183; 0.096429; 0.000000; 0.000000; 0.000000
1273020557928682; ACC; -1.493982; 1.608904; 10.764331; 0.000000; 0.000000; 0.000000
1273020567939619; GYRO; 0.003543; 0.092764; 0.096831; 0.000000; 0.000000; 0.000000
1273020577950557; ACC; -0.881066; 1.723825; 10.802638; 0.000000; 0.000000; 0.000000
1273020587930244; GYRO; 0.006877; 0.086551; 0.090740; 0.000000; 0.000000; 0.000000
1273020597941182; ACC; -0.191536; 2.106898; 11.070788; 0.000000; 0.000000; 0.000000
1273020607953682; GYRO; 0.004416; 0.077370; 0.084422; 0.000000; 0.000000; 0.000000
1273020617931807; ACC; 0.000000; 2.030283; 11.798626; 0.000000; 0.000000; 0.000000
1273020627944307; GYRO; -0.004747; 0.071471; 0.084456; 0.000000; 0.000000; 0.000000
1273020637955244; ACC; -0.804452; 2.375048; 11.300632; 0.000000; 0.000000; 0.000000
1273020647934932; GYRO; -0.008186; 0.060912; 0.077231; 0.000000; 0.000000; 0.000000
1273020657945869; ACC; -1.340753; 2.834735; 10.074800; 0.000000; 0.000000; 0.000000
1273020667925557; GYRO; 0.002217; 0.053721; 0.073880; 0.000000; 0.000000; 0.000000
1273020677936494; ACC; -0.651223; 2.221819; 10.113108; 0.000000; 0.000000; 0.000000
1273020687947432; GYRO; 0.018815; 0.049061; 0.075643; 0.000000; 0.000000; 0.000000
1273020697927119; ACC; 1.149217; 1.340753; 12.334928; 0.000000; 0.000000; 0.000000
1273020707938057; GYRO; 0.028711; 0.032289; 0.064699; 0.000000; 0.000000; 0.000000
1273020717948994; ACC; 1.493982; 0.881066; 14.595054; 0.000000; 0.000000; 0.000000
1273020727930244; GYRO; 0.027506; -0.006964; 0.036687; 0.000000; 0.000000; 0.000000
1273020737941182; ACC; 0.574608; 0.881066; 13.905523; 0.000000; 0.000000; 0.000000
1273020747952119; GYRO; 0.021694; -0.046670; 0.015987; 0.000000; 0.000000; 0.000000
1273020757931807; ACC; -0.038307; 1.149217; 11.338940; 0.000000; 0.000000; 0.000000
1273020767942744; GYRO; 0.019897; -0.071785; -0.009303; 0.000000; 0.000000; 0.000000
1273020777953682; ACC; -0.153229; 1.723825; 9.040505; 0.000000; 0.000000; 0.000000
1273020787933369; GYRO; 0.011432; -0.079255; -0.005672; 0.000000; 0.000000; 0.000000
1273020797944307; ACC; 0.574608; 2.106898; 8.236053; 0.000000; 0.000000; 0.000000
1273020807955244; GYRO; 0.001361; -0.087668; -0.004241; 0.000000; 0.000000; 0.000000
1273020817934932; ACC; 1.110910; 2.260126; 8.542512; 0.000000; 0.000000; 0.000000
1273020827947432; GYRO; -0.010105; -0.107320; -0.005428; 0.000000; 0.000000; 0.000000
1273020837925557; ACC; 0.842759; 2.298434; 8.312668; 0.000000; 0.000000; 0.000000
1273020847938057; GYRO; -0.020211; -0.135682; -0.014137; 0.000000; 0.000000; 0.000000
1273020857948994; ACC; 0.229843; 2.375048; 7.738060; 0.000000; 0.000000; 0.000000
1273020867928682; GYRO; -0.026442; -0.155980; -0.016249; 0.000000; 0.000000; 0.000000
1273020877939619; ACC; -0.076614; 2.451663; 7.125144; 0.000000; 0.000000; 0.000000
1273020887950557; GYRO; -0.025098; -0.164637; -0.014661; 0.000000; 0.000000; 0.000000
1273020897930244; ACC; 0.038307; 2.221819; 6.473921; 0.000000; 0.000000; 0.000000
1273020907941182; GYRO; -0.018099; -0.171356; -0.010716; 0.000000; 0.000000; 0.000000
1273020917953682; ACC; 0.114922; 2.106898; 6.627151; 0.000000; 0.000000; 0.000000
1273020927933369; GYRO; -0.007034; -0.183556; -0.009791; 0.000000; 0.000000; 0.000000
1273020937944307; ACC; 0.153229; 1.762132; 7.738060; 0.000000; 0.000000; 0.000000
1273020947955244; GYRO; 0.005568; -0.194098; -0.001239; 0.000000; 0.000000; 0.000000
1273020957934932; ACC; 0.114922; 1.532289; 8.312668; 0.000000; 0.000000; 0.000000
1273020967945869; GYRO; 0.018500; -0.199474; -0.006074; 0.000000; 0.000000; 0.000000
1273020977925557; ACC; 0.153229; 1.493982; 8.082825; 0.000000; 0.000000; 0.000000
1273020987936494; GYRO; 0.027035; -0.193435; 0.009338; 0.000000; 0.000000; 0.000000
1273020997947432; ACC; 0.229843; 1.417367; 7.431602; 0.000000; 0.000000; 0.000000
1273021007927119; GYRO; 0.031678; -0.185633; 0.029164; 0.000000; 0.000000; 0.000000
1273021017939619; ACC; 0.191536; 1.455675; 6.703765; 0.000000; 0.000000; 0.000000
1273021027948994; GYRO; 0.034156; -0.181410; 0.041940; 0.000000; 0.000000; 0.000000
1273021037930244; ACC; -0.153229; 1.417367; 6.971915; 0.000000; 0.000000; 0.000000
1273021047939619; GYRO; 0.032533; -0.178704; 0.053948; 0.000000; 0.000000; 0.000000
1273021057952119; ACC; -0.229843; 1.379060; 7.393295; 0.000000; 0.000000; 0.000000
1273021067931807; GYRO; 0.028588; -0.177360; 0.054332; 0.000000; 0.000000; 0.000000
1273021077942744; ACC; -0.191536; 1.532289; 7.393295; 0.000000; 0.000000; 0.000000
1273021087953682; GYRO; 0.024662; -0.173468; 0.056985; 0.000000; 0.000000; 0.000000
1273021097933369; ACC; -0.153229; 1.762132; 7.278373; 0.000000; 0.000000; 0.000000
1273021107945869; GYRO; 0.022462; -0.167011; 0.068696; 0.000000; 0.000000; 0.000000
1273021117955244; ACC; 0.076614; 2.030283; 7.546524; 0.000000; 0.000000; 0.000000
1273021127936494; GYRO; 0.019530; -0.167779; 0.081036; 0.000000; 0.000000; 0.000000
1273021137947432; ACC; 0.574608; 1.877054; 7.929596; 0.000000; 0.000000; 0.000000
1273021147927119; GYRO; 0.012741; -0.176697; 0.081245; 0.000000; 0.000000; 0.000000
1273021157938057; ACC; 0.995988; 1.455675; 8.504205; 0.000000; 0.000000; 0.000000
1273021167948994; GYRO; 0.004014; -0.197920; 0.070511; 0.000000; 0.000000; 0.000000
1273021177928682; ACC; 0.574608; 1.149217; 9.500193; 0.000000; 0.000000; 0.000000
1273021187939619; GYRO; -0.005777; -0.224851; 0.054210; 0.000000; 0.000000; 0.000000
1273021197950557; ACC; -0.076614; 1.264138; 10.381259; 0.000000; 0.000000; 0.000000
1273021207930244; GYRO; -0.014713; -0.241344; 0.028972; 0.000000; 0.000000; 0.000000
1273021217941182; ACC; -0.383072; 1.532289; 10.802638; 0.000000; 0.000000; 0.000000
1273021227953682; GYRO; -0.020787; -0.239372; 0.031660; 0.000000; 0.000000; 0.000000
1273021237931807; ACC; 0.229843; 1.532289; 11.185710; 0.000000; 0.000000; 0.000000
1273021247944307; GYRO; -0.026581; -0.225531; 0.039235; 0.000000; 0.000000; 0.000000
1273021257955244; ACC; 0.766145; 1.379060; 11.722012; 0.000000; 0.000000; 0.000000
1273021267934932; GYRO; -0.033196; -0.208951; 0.054646; 0.000000; 0.000000; 0.000000
1273021277945869; ACC; 0.268151; 1.264138; 12.143391; 0.000000; 0.000000; 0.000000
1273021287925557; GYRO; -0.042342; -0.196699; 0.076480; 0.000000; 0.000000; 0.000000
1273021297936494; ACC; -1.149217; 1.455675; 11.683704; 0.000000; 0.000000; 0.000000
1273021307947432; GYRO; -0.055641; -0.185808; 0.087755; 0.000000; 0.000000; 0.000000
1273021317927119; ACC; -1.608904; 1.570596; 10.726024; 0.000000; 0.000000; 0.000000
1273021327938057; GYRO; -0.068103; -0.164794; 0.098873; 0.000000; 0.000000; 0.000000
1273021337950557; ACC; -0.421380; 1.225831; 10.802638; 0.000000; 0.000000; 0.000000
1273021347930244; GYRO; -0.073635; -0.134181; 0.123342; 0.000000; 0.000000; 0.000000
1273021357941182; ACC; 0.574608; 0.689530; 12.641385; 0.000000; 0.000000; 0.000000
1273021367952119; GYRO; -0.072658; -0.105959; 0.155160; 0.000000; 0.000000; 0.000000
1273021377931807; ACC; 0.076614; 0.536301; 14.288596; 0.000000; 0.000000; 0.000000
1273021387942744; GYRO; -0.070372; -0.089937; 0.164113; 0.000000; 0.000000; 0.000000
1273021397953682; ACC; -0.995988; 0.459687; 13.752295; 0.000000; 0.000000; 0.000000
1273021407933369; GYRO; -0.068871; -0.065502; 0.192894; 0.000000; 0.000000; 0.000000
1273021417945869; ACC; -1.340753; 0.804452; 11.990162; 0.000000; 0.000000; 0.000000
1273021427956807; GYRO; -0.072152; -0.032132; 0.226422; 0.000000; 0.000000; 0.000000
1273021437934932; ACC; -0.842759; 1.340753; 10.304645; 0.000000; 0.000000; 0.000000
1273021447947432; GYRO; -0.077737; 0.008552; 0.264417; 0.000000; 0.000000; 0.000000
1273021457927119; ACC; -0.268151; 1.570596; 9.500193; 0.000000; 0.000000; 0.000000
1273021467938057; GYRO; -0.083427; 0.048904; 0.290213; 0.000000; 0.000000; 0.000000
1273021477948994; ACC; -0.191536; 1.647211; 9.117120; 0.000000; 0.000000; 0.000000
1273021487928682; GYRO; -0.087493; 0.079604; 0.305869; 0.000000; 0.000000; 0.000000
1273021497939619; ACC; -0.536301; 1.608904; 8.619126; 0.000000; 0.000000; 0.000000
1273021507950557; GYRO; -0.090984; 0.097581; 0.313112; 0.000000; 0.000000; 0.000000
1273021517931807; ACC; -0.995988; 1.723825; 7.967903; 0.000000; 0.000000; 0.000000
1273021527942744; GYRO; -0.096464; 0.106971; 0.312903; 0.000000; 0.000000; 0.000000
1273021537952119; ACC; -1.110910; 1.723825; 7.393295; 0.000000; 0.000000; 0.000000
1273021547933369; GYRO; -0.102590; 0.114651; 0.309953; 0.000000; 0.000000; 0.000000
1273021557944307; ACC; -0.727837; 1.723825; 6.818686; 0.000000; 0.000000; 0.000000
1273021567955244; GYRO; -0.108018; 0.120288; 0.304124; 0.000000; 0.000000; 0.000000
1273021577934932; ACC; -0.153229; 1.647211; 6.359000; 0.000000; 0.000000; 0.000000
1273021587945869; GYRO; -0.108612; 0.122260; 0.293355; 0.000000; 0.000000; 0.000000
1273021597925557; ACC; -0.497994; 1.953669; 5.822699; 0.000000; 0.000000; 0.000000
1273021607936494; GYRO; -0.102398; 0.120916; 0.279078; 0.000000; 0.000000; 0.000000
1273021617947432; ACC; -0.881066; 2.106898; 6.244078; 0.000000; 0.000000; 0.000000
1273021627928682; GYRO; -0.090775; 0.120253; 0.258588; 0.000000; 0.000000; 0.000000
1273021637938057; ACC; -0.842759; 1.953669; 7.393295; 0.000000; 0.000000; 0.000000
1273021647950557; GYRO; -0.078802; 0.123901; 0.244067; 0.000000; 0.000000; 0.000000
1273021657930244; ACC; -0.497994; 1.685518; 8.082825; 0.000000; 0.000000; 0.000000
1273021667941182; GYRO; -0.068015; 0.129451; 0.233525; 0.000000; 0.000000; 0.000000
1273021677952119; ACC; -0.268151; 1.493982; 8.044518; 0.000000; 0.000000; 0.000000
1273021687931807; GYRO; -0.059568; 0.130812; 0.222250; 0.000000; 0.000000; 0.000000
1273021697942744; ACC; -0.766145; 1.417367; 7.852982; 0.000000; 0.000000; 0.000000
1273021707953682; GYRO; -0.053651; 0.128142; 0.209684; 0.000000; 0.000000; 0.000000
1273021717933369; ACC; -1.264138; 1.417367; 7.776367; 0.000000; 0.000000; 0.000000
1273021727945869; GYRO; -0.048782; 0.127688; 0.196838; 0.000000; 0.000000; 0.000000
1273021737956807; ACC; -1.340753; 1.379060; 8.044518; 0.000000; 0.000000; 0.000000
1273021747936494; GYRO; -0.044785; 0.133797; 0.189176; 0.000000; 0.000000; 0.000000
1273021757947432; ACC; -0.689530; 1.302446; 8.619126; 0.000000; 0.000000; 0.000000
1273021767927119; GYRO; -0.042254; 0.138771; 0.178739; 0.000000; 0.000000; 0.000000
1273021777938057; ACC; -0.268151; 1.302446; 8.734048; 0.000000; 0.000000; 0.000000
1273021787948994; GYRO; -0.040841; 0.139103; 0.168494; 0.000000; 0.000000; 0.000000
1273021797928682; ACC; -0.344765; 1.149217; 8.963891; 0.000000; 0.000000; 0.000000
1273021807939619; GYRO; -0.040701; 0.142175; 0.163607; 0.000000; 0.000000; 0.000000
1273021817950557; ACC; -0.766145; 1.149217; 9.155427; 0.000000; 0.000000; 0.000000
1273021827931807; GYRO; -0.039828; 0.149871; 0.162874; 0.000000; 0.000000; 0.000000
1273021837942744; ACC; -0.842759; 1.493982; 9.576807; 0.000000; 0.000000; 0.000000
1273021847953682; GYRO; -0.039724; 0.156050; 0.161408; 0.000000; 0.000000; 0.000000
1273021857933369; ACC; -0.383072; 1.838747; 11.070788; 0.000000; 0.000000; 0.000000
1273021867944307; GYRO; -0.039549; 0.152646; 0.150954; 0.000000; 0.000000; 0.000000
1273021877955244; ACC; 0.306458; 1.302446; 12.449849; 0.000000; 0.000000; 0.000000
1273021887934932; GYRO; -0.039828; 0.140464; 0.133273; 0.000000; 0.000000; 0.000000
1273021897945869; ACC; 0.229843; 1.225831; 12.526464; 0.000000; 0.000000; 0.000000
1273021907925557; GYRO; -0.041382; 0.126676; 0.109310; 0.000000; 0.000000; 0.000000
1273021917936494; ACC; 0.038307; 1.762132; 11.836933; 0.000000; 0.000000; 0.000000
1273021927948994; GYRO; -0.038746; 0.116902; 0.083758; 0.000000; 0.000000; 0.000000
1273021937927119; ACC; 0.957681; 1.647211; 11.377247; 0.000000; 0.000000; 0.000000
1273021947938057; GYRO; -0.032568; 0.100287; 0.054803; 0.000000; 0.000000; 0.000000
1273021957950557; ACC; 2.068590; 1.264138; 12.832921; 0.000000; 0.000000; 0.000000
1273021967930244; GYRO; -0.028030; 0.076201; 0.019111; 0.000000; 0.000000; 0.000000
1273021977941182; ACC; 2.106898; 1.264138; 14.441825; 0.000000; 0.000000; 0.000000
1273021987952119; GYRO; -0.027314; 0.061907; -0.009687; 0.000000; 0.000000; 0.000000
1273021997931807; ACC; 1.340753; 1.340753; 13.637373; 0.000000; 0.000000; 0.000000
1273022007942744; GYRO; -0.026232; 0.026477; -0.064996; 0.000000; 0.000000; 0.000000
1273022017955244; ACC; 0.919373; 1.838747; 11.109096; 0.000000; 0.000000; 0.000000
1273022027933369; GYRO; -0.022445; -0.025272; -0.127531; 0.000000; 0.000000; 0.000000
1273022037945869; ACC; 1.110910; 2.375048; 9.078813; 0.000000; 0.000000; 0.000000
1273022047956807; GYRO; -0.011781; -0.078662; -0.184185; 0.000000; 0.000000; 0.000000
1273022057934932; ACC; 1.455675; 2.643199; 8.465898; 0.000000; 0.000000; 0.000000
1273022067947432; GYRO; 0.005882; -0.135647; -0.246179; 0.000000; 0.000000; 0.000000
1273022077927119; ACC; 1.225831; 2.681506; 8.504205; 0.000000; 0.000000; 0.000000
1273022087938057; GYRO; 0.026494; -0.191114; -0.303303; 0.000000; 0.000000; 0.000000
1273022097948994; ACC; 0.651223; 2.413355; 8.082825; 0.000000; 0.000000; 0.000000
1273022107928682; GYRO; 0.043738; -0.214030; -0.327406; 0.000000; 0.000000; 0.000000
1273022117939619; ACC; 0.114922; 2.375048; 8.121132; 0.000000; 0.000000; 0.000000
1273022127952119; GYRO; 0.064455; -0.215147; -0.334370; 0.000000; 0.000000; 0.000000
1273022137930244; ACC; 0.153229; 2.106898; 8.389283; 0.000000; 0.000000; 0.000000
1273022147942744; GYRO; 0.086952; -0.209858; -0.334911; 0.000000; 0.000000; 0.000000
1273022157953682; ACC; 0.344765; 1.838747; 8.006210; 0.000000; 0.000000; 0.000000
1273022167933369; GYRO; 0.104423; -0.206455; -0.336744; 0.000000; 0.000000; 0.000000
1273022177944307; ACC; 0.114922; 1.723825; 7.508216; 0.000000; 0.000000; 0.000000
1273022187955244; GYRO; 0.111631; -0.207223; -0.342224; 0.000000; 0.000000; 0.000000
1273022197934932; ACC; 0.153229; 1.570596; 6.971915; 0.000000; 0.000000; 0.000000
1273022207945869; GYRO; 0.110794; -0.207589; -0.340304; 0.000000; 0.000000; 0.000000
1273022217925557; ACC; 0.344765; 1.647211; 6.933608; 0.000000; 0.000000; 0.000000
1273022227936494; GYRO; 0.104144; -0.206298; -0.334702; 0.000000; 0.000000; 0.000000
1273022237948994; ACC; 0.421380; 1.647211; 6.971915; 0.000000; 0.000000; 0.000000
1273022247928682; GYRO; 0.094073; -0.203453; -0.324090; 0.000000; 0.000000; 0.000000
1273022257939619; ACC; 0.421380; 1.532289; 7.316680; 0.000000; 0.000000; 0.000000
1273022267950557; GYRO; 0.081943; -0.205984; -0.319099; 0.000000; 0.000000; 0.000000
1273022277930244; ACC; 0.383072; 1.455675; 7.125144; 0.000000; 0.000000; 0.000000
1273022287941182; GYRO; 0.069726; -0.214728; -0.323043; 0.000000; 0.000000; 0.000000
1273022297952119; ACC; 0.153229; 1.762132; 6.359000; 0.000000; 0.000000; 0.000000
1273022307931807; GYRO; 0.060109; -0.221587; -0.329989; 0.000000; 0.000000; 0.000000
1273022317942744; ACC; -0.038307; 1.762132; 5.861006; 0.000000; 0.000000; 0.000000
1273022327955244; GYRO; 0.052901; -0.218009; -0.335574; 0.000000; 0.000000; 0.000000
1273022337933369; ACC; 0.000000; 1.915361; 6.703765; 0.000000; 0.000000; 0.000000
1273022347945869; GYRO; 0.047473; -0.210260; -0.336465; 0.000000; 0.000000; 0.000000
1273022357956807; ACC; 0.191536; 1.877054; 8.236053; 0.000000; 0.000000; 0.000000
1273022367936494; GYRO; 0.043092; -0.208741; -0.333585; 0.000000; 0.000000; 0.000000
1273022377947432; ACC; 0.383072; 1.762132; 8.810662; 0.000000; 0.000000; 0.000000
1273022387927119; GYRO; 0.038554; -0.217730; -0.348054; 0.000000; 0.000000; 0.000000
1273022397938057; ACC; 0.344765; 1.608904; 8.810662; 0.000000; 0.000000; 0.000000
1273022407948994; GYRO; 0.033755; -0.226963; -0.364809; 0.000000; 0.000000; 0.000000
1273022417928682; ACC; 0.000000; 1.455675; 9.078813; 0.000000; 0.000000; 0.000000
1273022427939619; GYRO; 0.030962; -0.227696; -0.370795; 0.000000; 0.000000; 0.000000
1273022437952119; ACC; -0.497994; 1.608904; 9.844957; 0.000000; 0.000000; 0.000000
1273022447931807; GYRO; 0.030997; -0.218864; -0.373989; 0.000000; 0.000000; 0.000000
1273022457942744; ACC; -0.306458; 1.532289; 11.645397; 0.000000; 0.000000; 0.000000
1273022467953682; GYRO; 0.033580; -0.207153; -0.373553; 0.000000; 0.000000; 0.000000
1273022477933369; ACC; 0.574608; 1.187524; 13.790602; 0.000000; 0.000000; 0.000000
1273022487944307; GYRO; 0.033702; -0.199788; -0.366432; 0.000000; 0.000000; 0.000000
1273022497955244; ACC; 1.149217; 0.727837; 14.211981; 0.000000; 0.000000; 0.000000
1273022507934932; GYRO; 0.027838; -0.204832; -0.376258; 0.000000; 0.000000; 0.000000
1273022517947432; ACC; -0.114922; 1.302446; 12.603078; 0.000000; 0.000000; 0.000000
1273022527925557; GYRO; 0.013160; -0.204204; -0.379801; 0.000000; 0.000000; 0.000000
1273022537936494; ACC; -1.149217; 1.915361; 10.687716; 0.000000; 0.000000; 0.000000
1273022547948994; GYRO; 0.003211; -0.187832; -0.371005; 0.000000; 0.000000; 0.000000
1273022557928682; ACC; -0.574608; 1.877054; 10.304645; 0.000000; 0.000000; 0.000000
1273022567939619; GYRO; 0.001065; -0.169873; -0.359957; 0.000000; 0.000000; 0.000000
1273022577950557; ACC; 0.344765; 1.149217; 12.258312; 0.000000; 0.000000; 0.000000
1273022587930244; GYRO; -0.001710; -0.157289; -0.353307; 0.000000; 0.000000; 0.000000
1273022597941182; ACC; 0.153229; 0.995988; 13.905523; 0.000000; 0.000000; 0.000000
1273022607952119; GYRO; -0.006301; -0.139853; -0.338751; 0.000000; 0.000000; 0.000000
1273022617931807; ACC; -0.229843; 0.651223; 13.292608; 0.000000; 0.000000; 0.000000
1273022627944307; GYRO; -0.006772; -0.111404; -0.322484; 0.000000; 0.000000; 0.000000
1273022637953682; ACC; -0.383072; 0.689530; 11.415554; 0.000000; 0.000000; 0.000000
1273022647934932; GYRO; -0.003979; -0.069639; -0.298888; 0.000000; 0.000000; 0.000000
1273022657945869; ACC; -0.344765; 1.110910; 9.806650; 0.000000; 0.000000; 0.000000
1273022667956807; GYRO; -0.002583; -0.025970; -0.280160; 0.000000; 0.000000; 0.000000
1273022677936494; ACC; -0.229843; 1.532289; 8.619126; 0.000000; 0.000000; 0.000000
1273022687947432; GYRO; -0.004730; 0.012078; -0.262550; 0.000000; 0.000000; 0.000000
1273022697927119; ACC; -0.344765; 1.685518; 8.121132; 0.000000; 0.000000; 0.000000
1273022707938057; GYRO; -0.012531; 0.044174; -0.248430; 0.000000; 0.000000; 0.000000
1273022717948994; ACC; -0.574608; 1.647211; 8.006210; 0.000000; 0.000000; 0.000000
1273022727928682; GYRO; -0.025552; 0.070023; -0.239005; 0.000000; 0.000000; 0.000000
1273022737939619; ACC; -0.919373; 1.647211; 7.661446; 0.000000; 0.000000; 0.000000
1273022747952119; GYRO; -0.040753; 0.086533; -0.237819; 0.000000; 0.000000; 0.000000
1273022757930244; ACC; -1.072602; 1.647211; 7.546524; 0.000000; 0.000000; 0.000000
1273022767942744; GYRO; -0.053669; 0.098367; -0.237225; 0.000000; 0.000000; 0.000000
1273022777953682; ACC; -0.727837; 1.762132; 7.048530; 0.000000; 0.000000; 0.000000
1273022787933369; GYRO; -0.062832; 0.101456; -0.251903; 0.000000; 0.000000; 0.000000
1273022797944307; ACC; -0.306458; 1.647211; 6.818686; 0.000000; 0.000000; 0.000000
1273022807955244; GYRO; -0.064734; 0.098402; -0.263510; 0.000000; 0.000000; 0.000000
1273022817934932; ACC; -0.421380; 1.877054; 6.780379; 0.000000; 0.000000; 0.000000
1273022827947432; GYRO; -0.060720; 0.094457; -0.267210; 0.000000; 0.000000; 0.000000
1273022837925557; ACC; -0.574608; 1.838747; 7.048530; 0.000000; 0.000000; 0.000000
1273022847936494; GYRO; -0.054088; 0.089727; -0.272533; 0.000000; 0.000000; 0.000000
1273022857948994; ACC; -0.881066; 1.953669; 7.316680; 0.000000; 0.000000; 0.000000
1273022867928682; GYRO; -0.047316; 0.088104; -0.278537; 0.000000; 0.000000; 0.000000
1273022877939619; ACC; -0.727837; 1.991976; 7.316680; 0.000000; 0.000000; 0.000000
1273022887950557; GYRO; -0.040893; 0.090356; -0.295781; 0.000000; 0.000000; 0.000000
1273022897930244; ACC; -0.268151; 1.800440; 7.010222; 0.000000; 0.000000; 0.000000
1273022907941182; GYRO; -0.034854; 0.094702; -0.296898; 0.000000; 0.000000; 0.000000
1273022917952119; ACC; -0.268151; 1.723825; 7.393295; 0.000000; 0.000000; 0.000000
1273022927933369; GYRO; -0.029950; 0.096220; -0.290824; 0.000000; 0.000000; 0.000000
1273022937942744; ACC; -0.536301; 1.264138; 8.619126; 0.000000; 0.000000; 0.000000
1273022947955244; GYRO; -0.026930; 0.094405; -0.287840; 0.000000; 0.000000; 0.000000
1273022957934932; ACC; -0.651223; 1.417367; 8.887277; 0.000000; 0.000000; 0.000000
1273022967945869; GYRO; -0.023981; 0.091874; -0.290789; 0.000000; 0.000000; 0.000000
1273022977925557; ACC; -0.383072; 1.685518; 8.887277; 0.000000; 0.000000; 0.000000
1273022987936494; GYRO; -0.024103; 0.085155; -0.299394; 0.000000; 0.000000; 0.000000
1273022997947432; ACC; -0.497994; 1.877054; 9.653421; 0.000000; 0.000000; 0.000000
1273023007927119; GYRO; -0.027908; 0.078243; -0.303391; 0.000000; 0.000000; 0.000000
1273023017939619; ACC; -0.306458; 1.953669; 10.955867; 0.000000; 0.000000; 0.000000
1273023027948994; GYRO; -0.031992; 0.070459; -0.315590; 0.000000; 0.000000; 0.000000
1273023037928682; ACC; 0.268151; 1.877054; 11.913548; 0.000000; 0.000000; 0.000000
1273023047939619; GYRO; -0.036303; 0.060319; -0.327738; 0.000000; 0.000000; 0.000000
1273023057952119; ACC; -0.038307; 1.991976; 11.951855; 0.000000; 0.000000; 0.000000
1273023067931807; GYRO; -0.040893; 0.047892; -0.339432; 0.000000; 0.000000; 0.000000
1273023077942744; ACC; -1.034295; 2.604892; 11.645397; 0.000000; 0.000000; 0.000000
1273023087953682; GYRO; -0.043406; 0.036634; -0.351631; 0.000000; 0.000000; 0.000000
1273023097933369; ACC; -0.344765; 2.068590; 10.611102; 0.000000; 0.000000; 0.000000
1273023107944307; GYRO; -0.038170; 0.026354; -0.369347; 0.000000; 0.000000; 0.000000
1273023117955244; ACC; 0.881066; 1.379060; 11.645397; 0.000000; 0.000000; 0.000000
1273023127934932; GYRO; -0.023946; 0.015533; -0.399157; 0.000000; 0.000000; 0.000000
1273023137945869; ACC; 1.417367; 0.957681; 14.365211; 0.000000; 0.000000; 0.000000
1273023147927119; GYRO; -0.009529; 0.004852; -0.422649; 0.000000; 0.000000; 0.000000
1273023157936494; ACC; 0.344765; 1.110910; 14.441825; 0.000000; 0.000000; 0.000000
1273023167948994; GYRO; 0.002409; -0.006074; -0.441830; 0.000000; 0.000000; 0.000000
1273023177928682; ACC; 0.191536; 1.340753; 12.220005; 0.000000; 0.000000; 0.000000
1273023187939619; GYRO; 0.006283; -0.016598; -0.455252; 0.000000; 0.000000; 0.000000
1273023197950557; ACC; 0.651223; 1.762132; 10.228029; 0.000000; 0.000000; 0.000000
1273023207930244; GYRO; 0.005027; -0.024941; -0.468603; 0.000000; 0.000000; 0.000000
1273023217941182; ACC; 0.881066; 2.183512; 9.385271; 0.000000; 0.000000; 0.000000
1273023227952119; GYRO; 0.009058; -0.037891; -0.480402; 0.000000; 0.000000; 0.000000
1273023237931807; ACC; 1.264138; 2.489970; 9.155427; 0.000000; 0.000000; 0.000000
1273023247944307; GYRO; 0.020246; -0.056426; -0.499304; 0.000000; 0.000000; 0.000000
1273023257955244; ACC; 0.842759; 2.298434; 8.695741; 0.000000; 0.000000; 0.000000
1273023267934932; GYRO; 0.036198; -0.080896; -0.523983; 0.000000; 0.000000; 0.000000
1273023277945869; ACC; 0.766145; 2.183512; 8.044518; 0.000000; 0.000000; 0.000000
1273023287925557; GYRO; 0.055344; -0.106360; -0.541611; 0.000000; 0.000000; 0.000000
1273023297936494; ACC; 0.536301; 2.489970; 7.891289; 0.000000; 0.000000; 0.000000
1273023307947432; GYRO; 0.072484; -0.129015; -0.551629; 0.000000; 0.000000; 0.000000
1273023317927119; ACC; 0.344765; 2.336741; 7.469909; 0.000000; 0.000000; 0.000000
1273023327938057; GYRO; 0.085643; -0.147411; -0.556690; 0.000000; 0.000000; 0.000000
1273023337948994; ACC; -0.153229; 2.796427; 6.588843; 0.000000; 0.000000; 0.000000
1273023347930244; GYRO; 0.103114; -0.157708; -0.560320; 0.000000; 0.000000; 0.000000
1273023357939619; ACC; 0.000000; 2.834735; 7.048530; 0.000000; 0.000000; 0.000000
