48705666975802; ACC; 0.364777; 1.245483; 9.783600; 0.000000; 0.000000; 0.000000
48705687056369; ACC; 0.680817; 1.456177; 9.903305; 0.000000; 0.000000; 0.000000
48705707106418; ACC; 1.219513; 1.750656; 10.195404; 0.000000; 0.000000; 0.000000
48705727217502; ACC; 1.803696; 1.970932; 11.385315; 0.000000; 0.000000; 0.000000
48705747298068; ACC; 1.298523; 1.432236; 11.833038; 0.000000; 0.000000; 0.000000
48705753340548; GYRO; 0.150452; 0.109787; -0.060898; 0.000000; 0.000000; 0.000000
48705767378634; ACC; 0.240280; 0.960571; 10.935211; 0.000000; 0.000000; 0.000000
48705773390597; GYRO; 0.161102; 0.120438; -0.096054; 0.000000; 0.000000; 0.000000
48705787459201; ACC; -0.147583; 1.238297; 9.479538; 0.000000; 0.000000; 0.000000
48705793440646; GYRO; 0.222885; 0.087402; 0.031784; 0.000000; 0.000000; 0.000000
48705807539767; ACC; 0.015228; 1.949371; 8.459610; 0.000000; 0.000000; 0.000000
48705813521213; GYRO; 0.138733; -0.105408; 0.108475; 0.000000; 0.000000; 0.000000
48705827620334; ACC; 0.769394; 1.867981; 7.693466; 0.000000; 0.000000; 0.000000
48705833601779; GYRO; -0.160614; -0.433502; 0.066925; 0.000000; 0.000000; 0.000000
48705847700900; ACC; 2.313660; 0.713974; 10.346237; 0.000000; 0.000000; 0.000000
48705853682345; GYRO; -0.655960; -1.036438; -0.038528; 0.000000; 0.000000; 0.000000
48705867781466; ACC; 3.142059; 0.239914; 15.922333; 0.000000; 0.000000; 0.000000
48705873762912; GYRO; -0.878601; -1.232452; -0.167419; 0.000000; 0.000000; 0.000000
48705887862033; ACC; 2.588989; 0.110626; 16.918320; 0.000000; 0.000000; 0.000000
48705893843478; GYRO; -0.427994; -0.234299; -0.287796; 0.000000; 0.000000; 0.000000
48705907942599; ACC; 1.494843; 0.043594; 11.177017; 0.000000; 0.000000; 0.000000
48705913924045; GYRO; 0.229279; 1.111130; -0.322952; 0.000000; 0.000000; 0.000000
48705928023166; ACC; 0.498856; 0.496094; 5.385452; 0.000000; 0.000000; 0.000000
48705934004611; GYRO; 0.342194; 1.376373; -0.247314; 0.000000; 0.000000; 0.000000
48705948103732; ACC; 0.185211; 1.099442; 5.153214; 0.000000; 0.000000; 0.000000
48705954085177; GYRO; -0.097763; 0.473038; -0.120560; 0.000000; 0.000000; 0.000000
48705968214816; ACC; 0.721512; 1.061127; 9.043793; 0.000000; 0.000000; 0.000000
48705974196261; GYRO; -0.412018; -0.591171; -0.065155; 0.000000; 0.000000; 0.000000
48705988295382; ACC; 1.293732; 0.587082; 11.538544; 0.000000; 0.000000; 0.000000
48705994276828; GYRO; -0.303360; -0.867065; -0.063034; 0.000000; 0.000000; 0.000000
48706008375949; ACC; 1.310486; 0.661301; 11.313492; 0.000000; 0.000000; 0.000000
48706014357394; GYRO; -0.083908; -0.386627; -0.048111; 0.000000; 0.000000; 0.000000
48706028487033; ACC; 0.707153; 1.018036; 9.036606; 0.000000; 0.000000; 0.000000
48706034468478; GYRO; -0.025314; 0.257858; -0.019348; 0.000000; 0.000000; 0.000000
48706048567599; ACC; 0.501251; 1.391525; 7.770081; 0.000000; 0.000000; 0.000000
48706054549045; GYRO; -0.178711; 0.453857; 0.024323; 0.000000; 0.000000; 0.000000
48706068648166; ACC; 0.412659; 1.499268; 8.033432; 0.000000; 0.000000; 0.000000
48706074629611; GYRO; -0.352356; 0.323898; 0.016861; 0.000000; 0.000000; 0.000000
48706088728732; ACC; 0.237885; 1.393921; 8.526642; 0.000000; 0.000000; 0.000000
48706094710177; GYRO; -0.369400; 0.145996; -0.010834; 0.000000; 0.000000; 0.000000
48706108809298; ACC; 0.175644; 1.281403; 8.605652; 0.000000; 0.000000; 0.000000
48706114790744; GYRO; -0.245834; -0.035095; -0.011902; 0.000000; 0.000000; 0.000000
48706128920382; ACC; 0.144516; 1.128174; 8.289612; 0.000000; 0.000000; 0.000000
48706134901828; GYRO; -0.114807; -0.166122; 0.022186; 0.000000; 0.000000; 0.000000
48706149000949; ACC; 0.149307; 0.972549; 8.136383; 0.000000; 0.000000; 0.000000
48706154982394; GYRO; -0.096695; -0.220459; 0.088242; 0.000000; 0.000000; 0.000000
48706169081515; ACC; 0.197189; 0.812134; 8.512283; 0.000000; 0.000000; 0.000000
48706175062961; GYRO; -0.171265; -0.150146; 0.178787; 0.000000; 0.000000; 0.000000
48706189162082; ACC; 0.450974; 0.735519; 8.969574; 0.000000; 0.000000; 0.000000
48706195143527; GYRO; -0.231979; 0.035217; 0.300232; 0.000000; 0.000000; 0.000000
48706209242648; ACC; 0.834045; 0.723541; 9.410095; 0.000000; 0.000000; 0.000000
48706215224093; GYRO; -0.188309; 0.225891; 0.397171; 0.000000; 0.000000; 0.000000
48706229323214; ACC; 1.099808; 0.752274; 9.015060; 0.000000; 0.000000; 0.000000
48706235304660; GYRO; 0.019424; 0.403793; 0.452560; 0.000000; 0.000000; 0.000000
48706249403781; ACC; 0.850800; 0.924667; 7.827530; 0.000000; 0.000000; 0.000000
48706255385226; GYRO; 0.294266; 0.507126; 0.461075; 0.000000; 0.000000; 0.000000
48706269484347; ACC; 0.498856; 1.113800; 6.300034; 0.000000; 0.000000; 0.000000
48706275465793; GYRO; 0.493469; 0.489014; 0.475998; 0.000000; 0.000000; 0.000000
48706289564914; ACC; 0.237885; 1.319702; 5.239395; 0.000000; 0.000000; 0.000000
48706295546359; GYRO; 0.480682; 0.285553; 0.495163; 0.000000; 0.000000; 0.000000
48706309645480; ACC; 0.130142; 1.504059; 6.072586; 0.000000; 0.000000; 0.000000
48706315626925; GYRO; 0.282547; -0.114990; 0.540970; 0.000000; 0.000000; 0.000000
48706329756564; ACC; 0.383942; 1.571091; 8.179489; 0.000000; 0.000000; 0.000000
48706335738009; GYRO; 0.151520; -0.494232; 0.603821; 0.000000; 0.000000; 0.000000
48706349837130; ACC; 0.628143; 1.597427; 9.577698; 0.000000; 0.000000; 0.000000
48706355818576; GYRO; 0.155777; -0.480377; 0.634720; 0.000000; 0.000000; 0.000000
48706369917697; ACC; 0.948959; 1.726715; 9.611221; 0.000000; 0.000000; 0.000000
48706375899142; GYRO; 0.158966; -0.125641; 0.647507; 0.000000; 0.000000; 0.000000
48706389998263; ACC; 1.336823; 1.856003; 9.151535; 0.000000; 0.000000; 0.000000
48706395979709; GYRO; 0.046051; 0.208847; 0.613419; 0.000000; 0.000000; 0.000000
48706410078830; ACC; 1.389496; 1.781784; 9.529816; 0.000000; 0.000000; 0.000000
48706416060275; GYRO; -0.124390; 0.226959; 0.514343; 0.000000; 0.000000; 0.000000
48706430189914; ACC; 0.903473; 1.415466; 11.299133; 0.000000; 0.000000; 0.000000
48706436171359; GYRO; -0.200027; -0.002075; 0.437637; 0.000000; 0.000000; 0.000000
48706450270480; ACC; 0.522797; 1.070709; 13.475449; 0.000000; 0.000000; 0.000000
48706456251925; GYRO; -0.039169; -0.047882; 0.532455; 0.000000; 0.000000; 0.000000
48706470381564; ACC; 0.750244; 1.034790; 12.723679; 0.000000; 0.000000; 0.000000
48706476363009; GYRO; 0.343262; 0.356918; 0.724197; 0.000000; 0.000000; 0.000000
48706490462130; ACC; 1.023193; 1.257462; 9.910492; 0.000000; 0.000000; 0.000000
48706496443576; GYRO; 0.487076; 0.633896; 0.859482; 0.000000; 0.000000; 0.000000
48706510542697; ACC; 1.710327; 1.607010; 10.916061; 0.000000; 0.000000; 0.000000
48706516524142; GYRO; 0.209045; 0.388885; 0.918076; 0.000000; 0.000000; 0.000000
48706530623263; ACC; 2.000015; 2.002045; 12.275955; 0.000000; 0.000000; 0.000000
48706536604709; GYRO; 0.086533; 0.396332; 0.778534; 0.000000; 0.000000; 0.000000
48706550703830; ACC; 1.456543; 2.143311; 9.031815; 0.000000; 0.000000; 0.000000
48706556685275; GYRO; 0.131271; 0.467712; 0.462143; 0.000000; 0.000000; 0.000000
48706570784396; ACC; 1.446960; 1.226334; 8.339890; 0.000000; 0.000000; 0.000000
48706576765841; GYRO; -0.255417; -0.503815; 0.118057; 0.000000; 0.000000; 0.000000
48706590864963; ACC; 2.088608; -0.140762; 14.356522; 0.000000; 0.000000; 0.000000
48706596846408; GYRO; -0.896713; -1.744843; -0.119492; 0.000000; 0.000000; 0.000000
48706610945529; ACC; 2.447739; -0.868591; 20.806503; 0.000000; 0.000000; 0.000000
48706616926974; GYRO; -1.050110; -1.758698; -0.212173; 0.000000; 0.000000; 0.000000
48706631026095; ACC; 2.009598; -1.275604; 20.028381; 0.000000; 0.000000; 0.000000
48706637007541; GYRO; -0.566467; -0.416458; -0.233475; 0.000000; 0.000000; 0.000000
48706651106662; ACC; 0.982483; -0.973938; 14.133865; 0.000000; 0.000000; 0.000000
48706657088107; GYRO; -0.080719; 0.912994; -0.143997; 0.000000; 0.000000; 0.000000
48706671187228; ACC; 0.376755; 0.062744; 9.623184; 0.000000; 0.000000; 0.000000
48706677168673; GYRO; 0.003448; 1.394485; 0.031784; 0.000000; 0.000000; 0.000000
48706691298312; ACC; 0.321686; 0.797775; 7.576141; 0.000000; 0.000000; 0.000000
48706697279757; GYRO; -0.102020; 1.275177; 0.118057; 0.000000; 0.000000; 0.000000
48706711378879; ACC; 0.790955; 0.895935; 6.513123; 0.000000; 0.000000; 0.000000
48706717360324; GYRO; -0.163803; 0.928970; 0.105286; 0.000000; 0.000000; 0.000000
48706731489963; ACC; 1.190781; 0.711578; 6.604095; 0.000000; 0.000000; 0.000000
48706737471408; GYRO; -0.177658; 0.461319; 0.014740; 0.000000; 0.000000; 0.000000
48706751570529; ACC; 1.291336; 0.673264; 7.427704; 0.000000; 0.000000; 0.000000
48706757551974; GYRO; -0.099884; 0.131088; -0.083267; 0.000000; 0.000000; 0.000000
48706771651095; ACC; 1.147690; 0.670868; 7.552200; 0.000000; 0.000000; 0.000000
48706777632541; GYRO; 0.085464; 0.060776; -0.161041; 0.000000; 0.000000; 0.000000
48706791731662; ACC; 0.994461; 0.582291; 7.240952; 0.000000; 0.000000; 0.000000
48706797713107; GYRO; 0.261230; 0.144928; -0.202576; 0.000000; 0.000000; 0.000000
48706811812228; ACC; 0.850800; 0.431458; 6.745361; 0.000000; 0.000000; 0.000000
48706817793673; GYRO; 0.385880; 0.315369; -0.199387; 0.000000; 0.000000; 0.000000
48706831892795; ACC; 0.800522; 0.520035; 6.256943; 0.000000; 0.000000; 0.000000
48706837874240; GYRO; 0.486008; 0.445343; -0.169556; 0.000000; 0.000000; 0.000000
48706851973361; ACC; 0.996857; 0.816925; 5.323196; 0.000000; 0.000000; 0.000000
48706857954806; GYRO; 0.564835; 0.471970; -0.161041; 0.000000; 0.000000; 0.000000
48706872053927; ACC; 1.133316; 1.195206; 4.820419; 0.000000; 0.000000; 0.000000
48706878035373; GYRO; 0.501984; 0.203522; -0.236664; 0.000000; 0.000000; 0.000000
48706892134494; ACC; 1.095016; 1.324493; 6.400589; 0.000000; 0.000000; 0.000000
48706898115939; GYRO; 0.295319; -0.283310; -0.334671; 0.000000; 0.000000; 0.000000
48706912215060; ACC; 1.454147; 1.365189; 8.840286; 0.000000; 0.000000; 0.000000
48706918196505; GYRO; 0.192001; -0.562408; -0.390060; 0.000000; 0.000000; 0.000000
48706932295627; ACC; 1.798904; 1.465744; 9.742889; 0.000000; 0.000000; 0.000000
48706938277072; GYRO; 0.222885; -0.357864; -0.502991; 0.000000; 0.000000; 0.000000
48706952376193; ACC; 1.624130; 1.568695; 8.825912; 0.000000; 0.000000; 0.000000
48706958357638; GYRO; 0.151520; 0.086349; -0.679825; 0.000000; 0.000000; 0.000000
48706972456759; ACC; 1.157257; 1.525604; 8.485947; 0.000000; 0.000000; 0.000000
48706978438205; GYRO; -0.123322; 0.165176; -0.882217; 0.000000; 0.000000; 0.000000
48706992537326; ACC; 0.249863; 1.626160; 9.891342; 0.000000; 0.000000; 0.000000
48706998518771; GYRO; -0.445038; -0.068115; -1.066513; 0.000000; 0.000000; 0.000000
48707012617892; ACC; -0.425308; 1.331680; 11.117172; 0.000000; 0.000000; 0.000000
48707018599338; GYRO; -0.646362; -0.279037; -1.150665; 0.000000; 0.000000; 0.000000
48707032728976; ACC; -0.250534; 0.570313; 12.838593; 0.000000; 0.000000; 0.000000
48707038710422; GYRO; -0.805099; -0.565598; -1.105927; 0.000000; 0.000000; 0.000000
48707052809543; ACC; 0.063110; 0.716370; 14.794662; 0.000000; 0.000000; 0.000000
48707058790988; GYRO; -0.942520; -0.558136; -0.996201; 0.000000; 0.000000; 0.000000
48707072890109; ACC; 1.293732; 0.912689; 14.648621; 0.000000; 0.000000; 0.000000
48707078871554; GYRO; -1.110825; -0.370651; -0.971695; 0.000000; 0.000000; 0.000000
48707092970675; ACC; 1.988052; -0.511856; 17.253510; 0.000000; 0.000000; 0.000000
48707098952121; GYRO; -1.428268; -0.624191; -1.171967; 0.000000; 0.000000; 0.000000
48707113051242; ACC; 0.790955; -1.948380; 20.679611; 0.000000; 0.000000; 0.000000
48707119032687; GYRO; -1.388855; -0.402618; -1.235886; 0.000000; 0.000000; 0.000000
48707133131808; ACC; -0.774857; -2.290756; 18.347656; 0.000000; 0.000000; 0.000000
48707139113254; GYRO; -0.650635; 0.497528; -0.883286; 0.000000; 0.000000; 0.000000
48707153242892; ACC; -1.442841; -1.194214; 12.242447; 0.000000; 0.000000; 0.000000
48707159224338; GYRO; 0.177078; 1.186768; -0.265427; 0.000000; 0.000000; 0.000000
48707173323459; ACC; -1.509872; 0.524826; 7.487564; 0.000000; 0.000000; 0.000000
48707179304904; GYRO; 0.553116; 1.139893; 0.228851; 0.000000; 0.000000; 0.000000
48707193404025; ACC; -1.263275; 1.630951; 5.047867; 0.000000; 0.000000; 0.000000
48707199385470; GYRO; 0.510513; 0.614716; 0.440842; 0.000000; 0.000000; 0.000000
48707213484591; ACC; -0.832321; 1.867981; 4.846756; 0.000000; 0.000000; 0.000000
48707219466037; GYRO; 0.261230; -0.105408; 0.429123; 0.000000; 0.000000; 0.000000
48707233565158; ACC; -0.482773; 1.377167; 6.405380; 0.000000; 0.000000; 0.000000
48707239546603; GYRO; 0.056702; -0.718994; 0.357742; 0.000000; 0.000000; 0.000000
48707253645724; ACC; -0.058990; 1.176056; 7.609665; 0.000000; 0.000000; 0.000000
48707259627170; GYRO; 0.010895; -0.922455; 0.350296; 0.000000; 0.000000; 0.000000
48707273726291; ACC; 0.221130; 1.034790; 8.325531; 0.000000; 0.000000; 0.000000
48707279707736; GYRO; -0.018921; -0.728577; 0.323654; 0.000000; 0.000000; 0.000000
48707293806857; ACC; 0.364777; 0.804947; 8.689453; 0.000000; 0.000000; 0.000000
48707299788302; GYRO; -0.099884; -0.268387; 0.288513; 0.000000; 0.000000; 0.000000
48707313887423; ACC; 0.290558; 0.723541; 8.847458; 0.000000; 0.000000; 0.000000
48707319868869; GYRO; -0.132904; 0.179016; 0.258682; 0.000000; 0.000000; 0.000000
48707333998507; ACC; -0.269684; 0.651718; 8.045410; 0.000000; 0.000000; 0.000000
48707339979953; GYRO; -0.009338; 0.475159; 0.229919; 0.000000; 0.000000; 0.000000
48707354079074; ACC; -0.715012; 0.409912; 6.824356; 0.000000; 0.000000; 0.000000
48707360060519; GYRO; 0.167496; 0.487946; 0.262939; 0.000000; 0.000000; 0.000000
48707374159640; ACC; -0.803589; 0.268646; 6.261719; 0.000000; 0.000000; 0.000000
48707380141086; GYRO; 0.256973; 0.292999; 0.395035; 0.000000; 0.000000; 0.000000
48707394240207; ACC; -0.559387; 0.417084; 6.656769; 0.000000; 0.000000; 0.000000
48707400221652; GYRO; 0.289993; 0.083145; 0.580383; 0.000000; 0.000000; 0.000000
48707414320773; ACC; 0.010437; 0.757065; 6.932098; 0.000000; 0.000000; 0.000000
48707420302218; GYRO; 0.359238; -0.025513; 0.731659; 0.000000; 0.000000; 0.000000
48707434401339; ACC; 0.714340; 0.970154; 7.042236; 0.000000; 0.000000; 0.000000
48707440382785; GYRO; 0.363495; -0.181030; 0.757217; 0.000000; 0.000000; 0.000000
48707454481906; ACC; 1.205139; 0.934235; 8.909714; 0.000000; 0.000000; 0.000000
48707460463351; GYRO; 0.156845; -0.329117; 0.673065; 0.000000; 0.000000; 0.000000
48707474592990; ACC; 1.432602; 0.792984; 11.416443; 0.000000; 0.000000; 0.000000
48707480574435; GYRO; -0.004013; -0.152283; 0.582520; 0.000000; 0.000000; 0.000000
48707494673556; ACC; 1.329651; 0.448212; 11.900070; 0.000000; 0.000000; 0.000000
48707500655002; GYRO; 0.056702; 0.291946; 0.506882; 0.000000; 0.000000; 0.000000
48707514754123; ACC; 1.243454; 0.318924; 11.165054; 0.000000; 0.000000; 0.000000
48707520735568; GYRO; 0.146194; 0.520966; 0.478119; 0.000000; 0.000000; 0.000000
48707534834689; ACC; 1.382309; 0.534409; 11.177017; 0.000000; 0.000000; 0.000000
48707540816134; GYRO; 0.147247; 0.238678; 0.445099; 0.000000; 0.000000; 0.000000
48707554915255; ACC; 1.504425; 0.266251; 12.788315; 0.000000; 0.000000; 0.000000
48707560896701; GYRO; 0.082275; -0.283310; 0.319397; 0.000000; 0.000000; 0.000000
48707574995822; ACC; 1.382309; -0.420883; 14.670166; 0.000000; 0.000000; 0.000000
48707580977267; GYRO; 0.042862; -0.386627; 0.213943; 0.000000; 0.000000; 0.000000
48707595076388; ACC; 1.384705; -0.346664; 13.236038; 0.000000; 0.000000; 0.000000
48707601057834; GYRO; 0.068420; 0.066101; 0.205414; 0.000000; 0.000000; 0.000000
48707615156955; ACC; 1.832428; -0.176666; 11.054916; 0.000000; 0.000000; 0.000000
48707621138400; GYRO; -0.079651; 0.007507; 0.115936; 0.000000; 0.000000; 0.000000
48707635268039; ACC; 1.715103; -0.480743; 13.370117; 0.000000; 0.000000; 0.000000
48707641249484; GYRO; -0.488708; -0.601822; -0.093918; 0.000000; 0.000000; 0.000000
48707655348605; ACC; 1.207535; -0.643539; 16.463425; 0.000000; 0.000000; 0.000000
48707661330050; GYRO; -0.630386; -0.639099; -0.230270; 0.000000; 0.000000; 0.000000
48707675429172; ACC; 0.508438; -0.803955; 15.218430; 0.000000; 0.000000; 0.000000
48707681410617; GYRO; -0.336380; -0.133102; -0.302719; 0.000000; 0.000000; 0.000000
48707695509738; ACC; -0.188278; -0.614807; 12.010208; 0.000000; 0.000000; 0.000000
48707701491183; GYRO; -0.125458; 0.192871; -0.262238; 0.000000; 0.000000; 0.000000
48707715590304; ACC; -0.351089; -0.219772; 10.568893; 0.000000; 0.000000; 0.000000
48707721571750; GYRO; -0.163803; 0.145996; -0.130142; 0.000000; 0.000000; 0.000000
48707735670871; ACC; -0.303207; 0.105850; 10.310318; 0.000000; 0.000000; 0.000000
48707741652316; GYRO; -0.185104; 0.063980; -0.006577; 0.000000; 0.000000; 0.000000
48707755751437; ACC; -0.135605; 0.306961; 9.764450; 0.000000; 0.000000; 0.000000
48707761732882; GYRO; -0.028519; 0.130020; 0.106354; 0.000000; 0.000000; 0.000000
48707775862521; ACC; -0.058990; 0.412308; 8.299194; 0.000000; 0.000000; 0.000000
48707781843966; GYRO; 0.252716; 0.317505; 0.200089; 0.000000; 0.000000; 0.000000
48707795943088; ACC; -0.078140; 0.455399; 6.086945; 0.000000; 0.000000; 0.000000
48707801924533; GYRO; 0.509445; 0.441071; 0.294891; 0.000000; 0.000000; 0.000000
48707815993136; ACC; 0.297745; 0.718765; 4.427765; 0.000000; 0.000000; 0.000000
48707821974582; GYRO; 0.572296; 0.378220; 0.393967; 0.000000; 0.000000; 0.000000
48707836073703; ACC; 0.831650; 1.204788; 4.075821; 0.000000; 0.000000; 0.000000
48707842055148; GYRO; 0.459381; 0.244003; 0.406754; 0.000000; 0.000000; 0.000000
48707856184787; ACC; 1.075851; 1.635742; 4.176376; 0.000000; 0.000000; 0.000000
48707862166232; GYRO; 0.312363; 0.195007; 0.271469; 0.000000; 0.000000; 0.000000
48707876265353; ACC; 0.774185; 1.683624; 4.418198; 0.000000; 0.000000; 0.000000
48707882246798; GYRO; 0.179214; 0.180084; 0.059479; 0.000000; 0.000000; 0.000000
48707896345920; ACC; 0.510834; 1.446594; 5.313629; 0.000000; 0.000000; 0.000000
48707902327365; GYRO; 0.052444; 0.085281; -0.092865; 0.000000; 0.000000; 0.000000
48707916426486; ACC; 0.429428; 1.355621; 6.673523; 0.000000; 0.000000; 0.000000
48707922407931; GYRO; -0.004013; -0.124573; -0.187668; 0.000000; 0.000000; 0.000000
48707936537570; ACC; 0.216339; 1.465744; 8.210602; 0.000000; 0.000000; 0.000000
48707942519015; GYRO; 0.019424; -0.353607; -0.268631; 0.000000; 0.000000; 0.000000
48707956618136; ACC; 0.348022; 1.437027; 9.625580; 0.000000; 0.000000; 0.000000
48707962599582; GYRO; 0.064163; -0.476120; -0.336807; 0.000000; 0.000000; 0.000000
48707976698703; ACC; 0.960938; 0.946213; 11.165054; 0.000000; 0.000000; 0.000000
48707982680148; GYRO; 0.060974; -0.473984; -0.412430; 0.000000; 0.000000; 0.000000
48707996779269; ACC; 1.037552; 0.436249; 12.943939; 0.000000; 0.000000; 0.000000
48708002760714; GYRO; 0.021545; -0.207672; -0.494461; 0.000000; 0.000000; 0.000000
48708016859836; ACC; 0.436600; 0.622986; 12.982254; 0.000000; 0.000000; 0.000000
48708022841281; GYRO; 0.002380; 0.389938; -0.533875; 0.000000; 0.000000; 0.000000
48708036940402; ACC; 0.180420; 0.965363; 11.433197; 0.000000; 0.000000; 0.000000
48708042921847; GYRO; -0.116928; 0.658386; -0.562637; 0.000000; 0.000000; 0.000000
48708057020968; ACC; 0.175644; 0.871994; 12.383698; 0.000000; 0.000000; 0.000000
48708063002414; GYRO; -0.474869; 0.173691; -0.685150; 0.000000; 0.000000; 0.000000
48708077101535; ACC; 0.695175; 0.479340; 14.751572; 0.000000; 0.000000; 0.000000
48708083082980; GYRO; -0.797638; -0.334442; -0.801254; 0.000000; 0.000000; 0.000000
48708097182101; ACC; 2.011993; -1.009857; 17.160126; 0.000000; 0.000000; 0.000000
48708103163547; GYRO; -0.953171; -0.902222; -0.929092; 0.000000; 0.000000; 0.000000
48708117262668; ACC; 1.427811; -2.295547; 21.390686; 0.000000; 0.000000; 0.000000
48708123244113; GYRO; -0.891373; -1.077988; -0.997269; 0.000000; 0.000000; 0.000000
48708137373752; ACC; 0.180420; -2.556503; 19.920654; 0.000000; 0.000000; 0.000000
48708143355197; GYRO; -0.267136; -0.076645; -0.714966; 0.000000; 0.000000; 0.000000
48708157454318; ACC; -0.595291; -1.560516; 13.066040; 0.000000; 0.000000; 0.000000
48708163435763; GYRO; 0.472153; 1.004608; -0.212173; 0.000000; 0.000000; 0.000000
48708177534884; ACC; -0.707825; 0.050781; 6.924927; 0.000000; 0.000000; 0.000000
48708183516330; GYRO; 0.777893; 1.158005; 0.233109; 0.000000; 0.000000; 0.000000
48708197615451; ACC; -0.248138; 1.314911; 4.071030; 0.000000; 0.000000; 0.000000
48708203596896; GYRO; 0.527557; 0.561447; 0.413147; 0.000000; 0.000000; 0.000000
48708217696017; ACC; 0.498856; 1.573486; 5.059830; 0.000000; 0.000000; 0.000000
48708223677463; GYRO; -0.033844; -0.218323; 0.324722; 0.000000; 0.000000; 0.000000
48708237776584; ACC; 1.054306; 1.176056; 7.693466; 0.000000; 0.000000; 0.000000
48708243758029; GYRO; -0.393906; -0.696625; 0.134048; 0.000000; 0.000000; 0.000000
48708257857150; ACC; 0.814896; 0.907898; 9.129974; 0.000000; 0.000000; 0.000000
48708263838595; GYRO; -0.352356; -0.730713; -0.052383; 0.000000; 0.000000; 0.000000
48708277968234; ACC; 0.259430; 0.572708; 8.787613; 0.000000; 0.000000; 0.000000
48708283949679; GYRO; -0.091370; -0.473984; -0.147186; 0.000000; 0.000000; 0.000000
48708298048800; ACC; -0.013504; 0.230347; 7.296021; 0.000000; 0.000000; 0.000000
48708304030246; GYRO; 0.150452; -0.235367; -0.115234; 0.000000; 0.000000; 0.000000
48708318129367; ACC; -0.020691; 0.125000; 6.704651; 0.000000; 0.000000; 0.000000
48708324110812; GYRO; 0.197327; -0.226837; -0.001251; 0.000000; 0.000000; 0.000000
48708338209933; ACC; 0.178040; 0.299774; 7.571350; 0.000000; 0.000000; 0.000000
48708344191379; GYRO; 0.140854; -0.161865; 0.130844; 0.000000; 0.000000; 0.000000
48708358290500; ACC; 0.345627; 0.378784; 7.477982; 0.000000; 0.000000; 0.000000
48708364271945; GYRO; 0.188797; 0.274902; 0.254425; 0.000000; 0.000000; 0.000000
48708378371066; ACC; 0.565887; 0.453003; 5.866684; 0.000000; 0.000000; 0.000000
48708384352511; GYRO; 0.291061; 0.676498; 0.341766; 0.000000; 0.000000; 0.000000
48708398451632; ACC; 0.848404; 0.639755; 5.246582; 0.000000; 0.000000; 0.000000
48708404433078; GYRO; 0.299591; 0.574234; 0.353485; 0.000000; 0.000000; 0.000000
48708418532199; ACC; 0.549133; 0.778610; 6.051041; 0.000000; 0.000000; 0.000000
48708424513644; GYRO; 0.280411; 0.202454; 0.310883; 0.000000; 0.000000; 0.000000
48708438612765; ACC; 0.139725; 0.625381; 7.257721; 0.000000; 0.000000; 0.000000
48708444594211; GYRO; 0.298523; -0.224716; 0.281052; 0.000000; 0.000000; 0.000000
48708458723849; ACC; 0.209152; 0.467361; 9.328705; 0.000000; 0.000000; 0.000000
48708464705295; GYRO; 0.251648; -0.569855; 0.302353; 0.000000; 0.000000; 0.000000
48708478804416; ACC; 0.726303; 0.261459; 11.849792; 0.000000; 0.000000; 0.000000
48708484785861; GYRO; 0.177078; -0.462265; 0.364136; 0.000000; 0.000000; 0.000000
48708498884982; ACC; 0.977692; -0.116821; 13.494614; 0.000000; 0.000000; 0.000000
48708504866427; GYRO; 0.166428; 0.103394; 0.420593; 0.000000; 0.000000; 0.000000
48708518965548; ACC; 0.702362; -0.040207; 13.216888; 0.000000; 0.000000; 0.000000
48708524946994; GYRO; 0.263367; 0.680756; 0.483444; 0.000000; 0.000000; 0.000000
48708539046115; ACC; 0.575470; 0.290192; 11.679810; 0.000000; 0.000000; 0.000000
48708545027560; GYRO; 0.343262; 0.744675; 0.529251; 0.000000; 0.000000; 0.000000
48708559126681; ACC; 0.211548; 0.402725; 12.730865; 0.000000; 0.000000; 0.000000
48708565108127; GYRO; 0.274017; 0.103394; 0.485580; 0.000000; 0.000000; 0.000000
48708579207248; ACC; 0.254654; 0.254288; 14.955078; 0.000000; 0.000000; 0.000000
48708585188693; GYRO; 0.279343; -0.322723; 0.486649; 0.000000; 0.000000; 0.000000
48708599287814; ACC; 0.901077; 0.630173; 13.073227; 0.000000; 0.000000; 0.000000
48708605269259; GYRO; 0.410370; -0.183167; 0.526062; 0.000000; 0.000000; 0.000000
48708619368380; ACC; 2.002411; 0.939026; 10.714935; 0.000000; 0.000000; 0.000000
48708625349826; GYRO; 0.217560; -0.430313; 0.388641; 0.000000; 0.000000; 0.000000
48708639448947; ACC; 2.371124; 0.860016; 13.295883; 0.000000; 0.000000; 0.000000
48708645430392; GYRO; -0.440765; -0.889435; 0.072250; 0.000000; 0.000000; 0.000000
48708659560031; ACC; 1.619339; 0.575104; 16.537643; 0.000000; 0.000000; 0.000000
48708665541476; GYRO; -0.830658; -0.552811; -0.244125; 0.000000; 0.000000; 0.000000
48708679640597; ACC; 0.443787; -0.016266; 14.478622; 0.000000; 0.000000; 0.000000
48708685622043; GYRO; -0.636780; 0.298325; -0.434814; 0.000000; 0.000000; 0.000000
48708699721164; ACC; -0.396576; -0.004288; 10.640717; 0.000000; 0.000000; 0.000000
48708705702609; GYRO; -0.442902; 0.716980; -0.404984; 0.000000; 0.000000; 0.000000
48708719801730; ACC; -0.815567; 0.340469; 9.223358; 0.000000; 0.000000; 0.000000
48708725783175; GYRO; -0.424789; 0.591278; -0.240936; 0.000000; 0.000000; 0.000000
48708739882297; ACC; -0.940063; 0.515259; 8.715790; 0.000000; 0.000000; 0.000000
48708745863742; GYRO; -0.269272; 0.377167; -0.053436; 0.000000; 0.000000; 0.000000
48708759962863; ACC; -0.372635; 0.663696; 7.566559; 0.000000; 0.000000; 0.000000
48708765944308; GYRO; 0.041794; 0.254654; 0.161743; 0.000000; 0.000000; 0.000000
48708780043429; ACC; 0.740677; 0.893539; 5.658386; 0.000000; 0.000000; 0.000000
48708786024875; GYRO; 0.300644; 0.121490; 0.274658; 0.000000; 0.000000; 0.000000
48708800123996; ACC; 1.193176; 1.120987; 4.662399; 0.000000; 0.000000; 0.000000
48708806105441; GYRO; 0.293198; -0.205536; 0.186249; 0.000000; 0.000000; 0.000000
48708820204562; ACC; 1.049515; 1.310120; 5.778091; 0.000000; 0.000000; 0.000000
48708826186007; GYRO; 0.053513; -0.448425; 0.054153; 0.000000; 0.000000; 0.000000
48708840315646; ACC; 0.585052; 1.264633; 7.343903; 0.000000; 0.000000; 0.000000
48708846297091; GYRO; -0.056213; -0.316330; -0.056641; 0.000000; 0.000000; 0.000000
48708860396213; ACC; -0.138000; 0.833679; 7.461227; 0.000000; 0.000000; 0.000000
48708866377658; GYRO; 0.107834; -0.046814; -0.128006; 0.000000; 0.000000; 0.000000
48708880476779; ACC; -0.480377; 0.424271; 6.240173; 0.000000; 0.000000; 0.000000
48708886458224; GYRO; 0.324081; 0.111908; -0.060898; 0.000000; 0.000000; 0.000000
48708900557345; ACC; 0.089447; 0.381180; 5.380661; 0.000000; 0.000000; 0.000000
48708906538791; GYRO; 0.378418; -0.062790; 0.103149; 0.000000; 0.000000; 0.000000
48708920637912; ACC; 0.822067; 0.824097; 6.424530; 0.000000; 0.000000; 0.000000
48708926619357; GYRO; 0.250580; -0.475052; 0.178787; 0.000000; 0.000000; 0.000000
48708940748996; ACC; 0.692780; 1.070709; 8.299194; 0.000000; 0.000000; 0.000000
48708946730441; GYRO; 0.121689; -0.742432; 0.099960; 0.000000; 0.000000; 0.000000
48708960829562; ACC; 0.577866; 0.848053; 9.960770; 0.000000; 0.000000; 0.000000
48708966811007; GYRO; 0.042862; -0.691299; 0.005142; 0.000000; 0.000000; 0.000000
48708980910129; ACC; 0.908264; 0.457794; 11.306305; 0.000000; 0.000000; 0.000000
48708986891574; GYRO; -0.075394; -0.335495; -0.021484; 0.000000; 0.000000; 0.000000
48709000990695; ACC; 0.941788; 0.510468; 12.431580; 0.000000; 0.000000; 0.000000
48709006972140; GYRO; -0.247955; 0.184341; -0.017227; 0.000000; 0.000000; 0.000000
48709021074193; ACC; 0.891510; 1.022827; 12.857758; 0.000000; 0.000000; 0.000000
48709027055639; GYRO; -0.353424; 0.614716; -0.058777; 0.000000; 0.000000; 0.000000
48709041154760; ACC; 0.874741; 1.130554; 12.457916; 0.000000; 0.000000; 0.000000
48709047136205; GYRO; -0.387512; 0.669037; -0.194061; 0.000000; 0.000000; 0.000000
48709061265844; ACC; 0.108597; 0.939026; 14.109924; 0.000000; 0.000000; 0.000000
48709067247289; GYRO; -0.451431; 0.240814; -0.351715; 0.000000; 0.000000; 0.000000
48709081315893; ACC; -0.612061; 0.893539; 14.983810; 0.000000; 0.000000; 0.000000
48709087297338; GYRO; -0.363007; -0.028702; -0.341064; 0.000000; 0.000000; 0.000000
48709101426977; ACC; 1.008820; 0.168091; 13.413208; 0.000000; 0.000000; 0.000000
48709107408422; GYRO; -0.285248; -0.326981; -0.205780; 0.000000; 0.000000; 0.000000
48709121477025; ACC; 2.859543; -0.863815; 16.243149; 0.000000; 0.000000; 0.000000
48709127458471; GYRO; -0.582458; -0.976791; -0.216431; 0.000000; 0.000000; 0.000000
48709141557592; ACC; 2.584198; -0.983521; 20.461731; 0.000000; 0.000000; 0.000000
48709147539037; GYRO; -0.684723; -0.557083; -0.245193; 0.000000; 0.000000; 0.000000
48709161668676; ACC; 1.379929; -0.940430; 16.812973; 0.000000; 0.000000; 0.000000
48709167650121; GYRO; -0.119064; 0.943878; -0.150375; 0.000000; 0.000000; 0.000000
48709181749242; ACC; 0.427032; -0.296387; 9.826691; 0.000000; 0.000000; 0.000000
48709187730687; GYRO; 0.382675; 1.790771; 0.063736; 0.000000; 0.000000; 0.000000
48709201829809; ACC; 0.134933; 0.769043; 5.849930; 0.000000; 0.000000; 0.000000
48709207811254; GYRO; 0.337936; 1.530838; 0.290634; 0.000000; 0.000000; 0.000000
48709221910375; ACC; 0.175644; 1.360413; 5.500366; 0.000000; 0.000000; 0.000000
48709227891820; GYRO; 0.083344; 0.526291; 0.353485; 0.000000; 0.000000; 0.000000
48709241990941; ACC; 0.333649; 1.168869; 7.434891; 0.000000; 0.000000; 0.000000
48709247972387; GYRO; 0.003448; -0.592224; 0.282120; 0.000000; 0.000000; 0.000000
48709262071508; ACC; 0.755035; 0.936630; 8.871399; 0.000000; 0.000000; 0.000000
48709268052953; GYRO; 0.109970; -1.037506; 0.257614; 0.000000; 0.000000; 0.000000
48709282152074; ACC; 1.363159; 1.221542; 8.622406; 0.000000; 0.000000; 0.000000
48709288133520; GYRO; 0.243134; -0.801025; 0.244827; 0.000000; 0.000000; 0.000000
48709302263158; ACC; 1.604980; 1.420258; 7.475586; 0.000000; 0.000000; 0.000000
48709308244604; GYRO; 0.260178; -0.377045; 0.107407; 0.000000; 0.000000; 0.000000
48709322343725; ACC; 0.939392; 1.283798; 6.922531; 0.000000; 0.000000; 0.000000
48709328325170; GYRO; 0.122757; -0.063858; -0.086472; 0.000000; 0.000000; 0.000000
48709342424291; ACC; 0.103806; 0.895935; 7.358276; 0.000000; 0.000000; 0.000000
48709348405736; GYRO; 0.025818; 0.125763; -0.169556; 0.000000; 0.000000; 0.000000
48709362504857; ACC; -0.482773; 0.474548; 7.078156; 0.000000; 0.000000; 0.000000
48709368486303; GYRO; 0.137665; 0.337753; -0.093918; 0.000000; 0.000000; 0.000000
48709382585424; ACC; -0.454041; 0.263855; 6.053436; 0.000000; 0.000000; 0.000000
48709388566869; GYRO; 0.325150; 0.519913; 0.119125; 0.000000; 0.000000; 0.000000
48709402665990; ACC; 0.235489; 0.524826; 5.205887; 0.000000; 0.000000; 0.000000
48709408647436; GYRO; 0.425293; 0.564651; 0.349228; 0.000000; 0.000000; 0.000000
48709422746557; ACC; 0.702362; 1.109009; 4.978439; 0.000000; 0.000000; 0.000000
48709428728002; GYRO; 0.432739; 0.424026; 0.412079; 0.000000; 0.000000; 0.000000
48709442857641; ACC; 0.515610; 1.571091; 5.232224; 0.000000; 0.000000; 0.000000
48709448839086; GYRO; 0.376282; 0.174759; 0.309814; 0.000000; 0.000000; 0.000000
48709462938207; ACC; 0.264221; 1.657288; 5.744583; 0.000000; 0.000000; 0.000000
48709468919652; GYRO; 0.235672; -0.154404; 0.161743; 0.000000; 0.000000; 0.000000
48709483018773; ACC; 0.144516; 1.032394; 8.074142; 0.000000; 0.000000; 0.000000
48709489000219; GYRO; 0.037537; -0.615662; 0.052017; 0.000000; 0.000000; 0.000000
48709503099340; ACC; 0.036774; 0.168091; 11.404465; 0.000000; 0.000000; 0.000000
48709509080785; GYRO; -0.048752; -0.741364; 0.103149; 0.000000; 0.000000; 0.000000
48709523179906; ACC; 0.264221; -0.107239; 13.063660; 0.000000; 0.000000; 0.000000
48709529161352; GYRO; 0.004501; -0.238556; 0.320465; 0.000000; 0.000000; 0.000000
48709543260473; ACC; 0.836441; 0.400330; 12.364548; 0.000000; 0.000000; 0.000000
48709549241918; GYRO; 0.016220; 0.254654; 0.532455; 0.000000; 0.000000; 0.000000
48709563341039; ACC; 1.382309; 0.848053; 13.480240; 0.000000; 0.000000; 0.000000
48709569322484; GYRO; -0.206421; -0.069183; 0.536713; 0.000000; 0.000000; 0.000000
48709583452123; ACC; 1.597794; 0.517639; 18.278229; 0.000000; 0.000000; 0.000000
48709589433568; GYRO; -0.414139; -0.597549; 0.366272; 0.000000; 0.000000; 0.000000
48709603532689; ACC; 1.645676; -0.279617; 20.478500; 0.000000; 0.000000; 0.000000
48709609514135; GYRO; -0.061539; -0.279037; 0.233109; 0.000000; 0.000000; 0.000000
48709623613256; ACC; 1.061493; -0.602844; 15.551224; 0.000000; 0.000000; 0.000000
48709629594701; GYRO; 0.563766; 0.427231; 0.154282; 0.000000; 0.000000; 0.000000
48709643693822; ACC; 0.240280; -0.162308; 11.121948; 0.000000; 0.000000; 0.000000
48709649675268; GYRO; 0.639404; 0.318573; 0.157486; 0.000000; 0.000000; 0.000000
48709663774389; ACC; 0.534775; 0.453003; 11.555313; 0.000000; 0.000000; 0.000000
48709669755834; GYRO; 0.225021; -0.207672; 0.233109; 0.000000; 0.000000; 0.000000
48709683854955; ACC; 1.375137; 0.800156; 12.812256; 0.000000; 0.000000; 0.000000
48709689836400; GYRO; -0.062607; -0.281174; 0.179855; 0.000000; 0.000000; 0.000000
48709703935521; ACC; 1.365555; 0.704391; 11.691772; 0.000000; 0.000000; 0.000000
48709709916967; GYRO; -0.143570; -0.009537; -0.032135; 0.000000; 0.000000; 0.000000
48709724016088; ACC; 1.221909; 0.393143; 10.592834; 0.000000; 0.000000; 0.000000
48709729997533; GYRO; -0.287369; 0.104446; -0.219620; 0.000000; 0.000000; 0.000000
48709744096654; ACC; 0.879532; 0.184845; 10.899292; 0.000000; 0.000000; 0.000000
48709750078100; GYRO; -0.423721; 0.010712; -0.353851; 0.000000; 0.000000; 0.000000
48709764177221; ACC; 0.271408; 0.022049; 11.236877; 0.000000; 0.000000; 0.000000
48709770158666; GYRO; -0.363007; -0.064926; -0.425217; 0.000000; 0.000000; 0.000000
48709784257787; ACC; -0.102081; -0.231735; 10.631149; 0.000000; 0.000000; 0.000000
48709790239232; GYRO; -0.122253; 0.003250; -0.385803; 0.000000; 0.000000; 0.000000
48709804338354; ACC; -0.377426; -0.337082; 9.113220; 0.000000; 0.000000; 0.000000
48709810319799; GYRO; 0.153641; 0.169434; -0.238800; 0.000000; 0.000000; 0.000000
48709824449437; ACC; -0.382217; -0.097656; 7.640793; 0.000000; 0.000000; 0.000000
48709830430883; GYRO; 0.325150; 0.298325; -0.012970; 0.000000; 0.000000; 0.000000
48709844530004; ACC; -0.109268; 0.429062; 6.458054; 0.000000; 0.000000; 0.000000
48709850511449; GYRO; 0.399719; 0.392075; 0.195831; 0.000000; 0.000000; 0.000000
48709864610570; ACC; 0.201981; 0.900711; 5.536285; 0.000000; 0.000000; 0.000000
48709870592016; GYRO; 0.414627; 0.427231; 0.279984; 0.000000; 0.000000; 0.000000
48709884691137; ACC; 0.446182; 1.077896; 5.205887; 0.000000; 0.000000; 0.000000
48709890672582; GYRO; 0.377350; 0.408051; 0.261871; 0.000000; 0.000000; 0.000000
48709904802221; ACC; 0.601807; 1.168869; 5.112503; 0.000000; 0.000000; 0.000000
48709910783666; GYRO; 0.340073; 0.415512; 0.209671; 0.000000; 0.000000; 0.000000
48709924882787; ACC; 0.594620; 1.324493; 4.877884; 0.000000; 0.000000; 0.000000
48709930864232; GYRO; 0.328354; 0.415512; 0.147888; 0.000000; 0.000000; 0.000000
48709944963354; ACC; 0.659271; 1.496872; 4.894638; 0.000000; 0.000000; 0.000000
48709950944799; GYRO; 0.335800; 0.267441; 0.065872; 0.000000; 0.000000; 0.000000
48709965043920; ACC; 0.611389; 1.599823; 5.615295; 0.000000; 0.000000; 0.000000
48709971025365; GYRO; 0.389069; -0.025513; -0.069427; 0.000000; 0.000000; 0.000000
48709985124486; ACC; 0.503647; 1.623764; 6.462845; 0.000000; 0.000000; 0.000000
48709991105932; GYRO; 0.474289; -0.267319; -0.243057; 0.000000; 0.000000; 0.000000
48710005205053; ACC; 0.115784; 1.420258; 7.169128; 0.000000; 0.000000; 0.000000
48710011186498; GYRO; 0.391205; -0.263062; -0.399658; 0.000000; 0.000000; 0.000000
48710025285619; ACC; -0.592896; 1.295761; 8.631989; 0.000000; 0.000000; 0.000000
48710031267064; GYRO; 0.008774; 0.024551; -0.425217; 0.000000; 0.000000; 0.000000
48710045396703; ACC; -1.093292; 1.441803; 10.995056; 0.000000; 0.000000; 0.000000
48710051378148; GYRO; -0.413071; 0.458115; -0.292068; 0.000000; 0.000000; 0.000000
48710065477270; ACC; -0.875412; 1.997269; 12.225677; 0.000000; 0.000000; 0.000000
48710071458715; GYRO; -0.523865; 0.726563; -0.196182; 0.000000; 0.000000; 0.000000
48710085527318; ACC; -0.228989; 2.236679; 12.062881; 0.000000; 0.000000; 0.000000
48710091508764; GYRO; -0.435440; 0.739349; -0.245193; 0.000000; 0.000000; 0.000000
48710105607885; ACC; 0.269012; 1.992477; 12.486649; 0.000000; 0.000000; 0.000000
48710111589330; GYRO; -0.419464; 0.464508; -0.363434; 0.000000; 0.000000; 0.000000
48710125688451; ACC; -0.643173; 2.433014; 14.026123; 0.000000; 0.000000; 0.000000
48710131669896; GYRO; -0.402420; 0.118301; -0.518967; 0.000000; 0.000000; 0.000000
48710145799535; ACC; -0.188278; 2.351608; 12.747620; 0.000000; 0.000000; 0.000000
48710151780980; GYRO; -0.274597; -0.340820; -0.632950; 0.000000; 0.000000; 0.000000
48710165880102; ACC; 1.193176; 0.402725; 15.340546; 0.000000; 0.000000; 0.000000
48710171861547; GYRO; -0.519608; -1.483856; -0.819366; 0.000000; 0.000000; 0.000000
48710185960668; ACC; 1.209930; -0.815918; 21.081833; 0.000000; 0.000000; 0.000000
48710191942113; GYRO; -0.845581; -1.561615; -0.840668; 0.000000; 0.000000; 0.000000
48710206041234; ACC; 0.398300; -1.165482; 20.440186; 0.000000; 0.000000; 0.000000
48710212022680; GYRO; -0.581390; -0.134171; -0.625488; 0.000000; 0.000000; 0.000000
48710226121801; ACC; -0.231369; -0.586075; 13.949509; 0.000000; 0.000000; 0.000000
48710232103246; GYRO; -0.123322; 1.162262; -0.261169; 0.000000; 0.000000; 0.000000
48710246232885; ACC; -0.231369; 0.663696; 9.525024; 0.000000; 0.000000; 0.000000
48710252214330; GYRO; -0.008270; 1.271988; 0.088242; 0.000000; 0.000000; 0.000000
48710266313451; ACC; -0.166733; 1.314911; 8.756485; 0.000000; 0.000000; 0.000000
48710272294896; GYRO; 0.014099; 0.580627; 0.222458; 0.000000; 0.000000; 0.000000
48710286394018; ACC; -0.128418; 1.147324; 9.194626; 0.000000; 0.000000; 0.000000
48710292375463; GYRO; 0.294266; -0.328049; 0.213943; 0.000000; 0.000000; 0.000000
48710306474584; ACC; 0.106201; 0.951004; 9.096466; 0.000000; 0.000000; 0.000000
48710312456029; GYRO; 0.642593; -0.753082; 0.227783; 0.000000; 0.000000; 0.000000
48710326555150; ACC; 0.209152; 1.142532; 7.386993; 0.000000; 0.000000; 0.000000
48710332536596; GYRO; 0.814102; -0.542160; 0.234177; 0.000000; 0.000000; 0.000000
48710346635717; ACC; 0.094238; 1.274216; 5.586563; 0.000000; 0.000000; 0.000000
48710352617162; GYRO; 0.678818; -0.177841; 0.191574; 0.000000; 0.000000; 0.000000
48710366716283; ACC; -0.020691; 1.343643; 4.961670; 0.000000; 0.000000; 0.000000
48710372697729; GYRO; 0.330475; 0.082077; 0.141495; 0.000000; 0.000000; 0.000000
48710386796850; ACC; -0.063782; 1.480118; 5.318405; 0.000000; 0.000000; 0.000000
48710392778295; GYRO; 0.014099; 0.232285; 0.111679; 0.000000; 0.000000; 0.000000
48710406877416; ACC; 0.008041; 1.480118; 5.998367; 0.000000; 0.000000; 0.000000
48710412858861; GYRO; -0.077515; 0.208847; 0.074387; 0.000000; 0.000000; 0.000000
48710426957982; ACC; -0.166733; 1.269424; 6.711838; 0.000000; 0.000000; 0.000000
48710432939428; GYRO; 0.048187; -0.001007; 0.009415; 0.000000; 0.000000; 0.000000
48710447038549; ACC; -0.590500; 0.788193; 7.990341; 0.000000; 0.000000; 0.000000
48710453019994; GYRO; 0.254852; -0.150146; 0.000885; 0.000000; 0.000000; 0.000000
48710467149633; ACC; -0.853867; 0.359634; 9.029419; 0.000000; 0.000000; 0.000000
48710473131078; GYRO; 0.484940; 0.043732; 0.162811; 0.000000; 0.000000; 0.000000
48710487230199; ACC; -0.398972; 0.591873; 8.428482; 0.000000; 0.000000; 0.000000
48710493211645; GYRO; 0.734207; 0.485825; 0.449356; 0.000000; 0.000000; 0.000000
48710507310766; ACC; 0.412659; 1.104233; 6.060608; 0.000000; 0.000000; 0.000000
48710513292211; GYRO; 0.805588; 0.740417; 0.630463; 0.000000; 0.000000; 0.000000
48710527391332; ACC; 1.032761; 1.932617; 5.912170; 0.000000; 0.000000; 0.000000
48710533372777; GYRO; 0.457245; 0.402725; 0.614471; 0.000000; 0.000000; 0.000000
48710547471898; ACC; 1.109375; 2.188797; 9.115616; 0.000000; 0.000000; 0.000000
48710553453344; GYRO; 0.068420; -0.179977; 0.434448; 0.000000; 0.000000; 0.000000
48710567582982; ACC; 0.575470; 1.422653; 12.043716; 0.000000; 0.000000; 0.000000
48710573564428; GYRO; 0.055634; -0.320587; 0.225662; 0.000000; 0.000000; 0.000000
48710587663549; ACC; -0.116455; 0.692429; 12.412430; 0.000000; 0.000000; 0.000000
48710593644994; GYRO; 0.277222; 0.190735; 0.207550; 0.000000; 0.000000; 0.000000
48710607744115; ACC; -0.545013; 0.951004; 10.161880; 0.000000; 0.000000; 0.000000
48710613725561; GYRO; 0.392258; 0.887421; 0.386505; 0.000000; 0.000000; 0.000000
48710627824682; ACC; -0.935272; 1.776993; 8.959991; 0.000000; 0.000000; 0.000000
48710633806127; GYRO; 0.252716; 0.854401; 0.549500; 0.000000; 0.000000; 0.000000
48710647905248; ACC; -1.208206; 2.193588; 10.949570; 0.000000; 0.000000; 0.000000
48710653886693; GYRO; 0.089722; 0.070358; 0.607025; 0.000000; 0.000000; 0.000000
48710667985814; ACC; -1.198639; 2.191193; 13.429962; 0.000000; 0.000000; 0.000000
48710673967260; GYRO; 0.206909; -0.575180; 0.636841; 0.000000; 0.000000; 0.000000
48710688066381; ACC; -0.561783; 2.617355; 12.637482; 0.000000; 0.000000; 0.000000
48710694047826; GYRO; 0.438065; -0.644424; 0.664551; 0.000000; 0.000000; 0.000000
48710708146947; ACC; 0.920242; 2.619751; 10.355804; 0.000000; 0.000000; 0.000000
48710714128393; GYRO; 0.267624; -0.750961; 0.529251; 0.000000; 0.000000; 0.000000
48710728227514; ACC; 2.241837; 1.896713; 12.709305; 0.000000; 0.000000; 0.000000
48710734208959; GYRO; -0.488708; -1.214340; 0.221390; 0.000000; 0.000000; 0.000000
48710748308080; ACC; 2.292114; 1.312515; 18.098663; 0.000000; 0.000000; 0.000000
48710754289525; GYRO; -1.031998; -1.175995; -0.103516; 0.000000; 0.000000; 0.000000
48710768419164; ACC; 0.994461; 0.857620; 18.424271; 0.000000; 0.000000; 0.000000
48710774400609; GYRO; -0.780594; -0.168259; -0.351715; 0.000000; 0.000000; 0.000000
48710788499730; ACC; -0.372635; 0.773819; 13.183365; 0.000000; 0.000000; 0.000000
48710794481176; GYRO; -0.259674; 0.824570; -0.397522; 0.000000; 0.000000; 0.000000
48710808580297; ACC; -1.201035; 1.324493; 8.706207; 0.000000; 0.000000; 0.000000
48710814561742; GYRO; -0.082840; 0.999283; -0.280350; 0.000000; 0.000000; 0.000000
48710828660863; ACC; -1.397354; 1.851212; 7.039841; 0.000000; 0.000000; 0.000000
48710834642309; GYRO; -0.148895; 0.602997; -0.142929; 0.000000; 0.000000; 0.000000
48710848741430; ACC; -1.220184; 1.879944; 6.472412; 0.000000; 0.000000; 0.000000
48710854722875; GYRO; -0.164871; 0.101257; -0.053436; 0.000000; 0.000000; 0.000000
48710868821996; ACC; -0.489944; 1.595032; 6.170746; 0.000000; 0.000000; 0.000000
48710874803441; GYRO; -0.140366; -0.312073; 0.020065; 0.000000; 0.000000; 0.000000
48710888902562; ACC; 0.529984; 1.571091; 6.278488; 0.000000; 0.000000; 0.000000
48710894884008; GYRO; -0.182983; -0.577316; 0.048828; 0.000000; 0.000000; 0.000000
48710908983129; ACC; 1.209930; 1.796143; 7.221802; 0.000000; 0.000000; 0.000000
48710914964574; GYRO; -0.275650; -0.708344; -0.038528; 0.000000; 0.000000; 0.000000
48710929094213; ACC; 1.018402; 1.664474; 8.481155; 0.000000; 0.000000; 0.000000
48710935075658; GYRO; -0.286316; -0.703018; -0.208969; 0.000000; 0.000000; 0.000000
48710949174779; ACC; 0.075089; 1.207184; 9.347855; 0.000000; 0.000000; 0.000000
48710955156225; GYRO; -0.172333; -0.445221; -0.314438; 0.000000; 0.000000; 0.000000
48710969255346; ACC; -0.738953; 0.845657; 8.943237; 0.000000; 0.000000; 0.000000
48710975236791; GYRO; 0.047119; -0.003143; -0.229218; 0.000000; 0.000000; 0.000000
48710989335912; ACC; -0.710220; 1.130554; 7.628815; 0.000000; 0.000000; 0.000000
48710995317357; GYRO; 0.230347; 0.294067; -0.014023; 0.000000; 0.000000; 0.000000
48711009416479; ACC; 0.008041; 1.915863; 7.161942; 0.000000; 0.000000; 0.000000
48711015397924; GYRO; 0.251648; 0.292999; 0.139374; 0.000000; 0.000000; 0.000000
48711029497045; ACC; 0.429428; 2.466522; 7.504318; 0.000000; 0.000000; 0.000000
48711035478490; GYRO; 0.198380; 0.152390; 0.104218; 0.000000; 0.000000; 0.000000
48711049577611; ACC; 0.269012; 2.538345; 8.445236; 0.000000; 0.000000; 0.000000
48711055559057; GYRO; 0.187729; -0.133102; -0.038528; 0.000000; 0.000000; 0.000000
48711069658178; ACC; 0.163666; 2.231888; 10.046967; 0.000000; 0.000000; 0.000000
48711075639623; GYRO; 0.261230; -0.452682; -0.172760; 0.000000; 0.000000; 0.000000
48711089738744; ACC; 0.185211; 1.973328; 10.983093; 0.000000; 0.000000; 0.000000
48711095720189; GYRO; 0.354980; -0.423920; -0.245193; 0.000000; 0.000000; 0.000000
48711109849828; ACC; -0.042236; 1.717148; 10.908875; 0.000000; 0.000000; 0.000000
48711115831273; GYRO; 0.313431; -0.058533; -0.247314; 0.000000; 0.000000; 0.000000
48711129899877; ACC; -0.264893; 1.494476; 11.414047; 0.000000; 0.000000; 0.000000
48711135881322; GYRO; 0.130203; 0.280228; -0.141861; 0.000000; 0.000000; 0.000000
48711150010961; ACC; 0.063110; 1.671646; 12.283142; 0.000000; 0.000000; 0.000000
48711155992406; GYRO; 0.010895; 0.381424; 0.041367; 0.000000; 0.000000; 0.000000
48711170091527; ACC; 0.510834; 2.028381; 14.066818; 0.000000; 0.000000; 0.000000
48711176072973; GYRO; 0.058838; 0.108719; 0.139374; 0.000000; 0.000000; 0.000000
48711190172094; ACC; 0.573074; 2.490463; 15.170547; 0.000000; 0.000000; 0.000000
48711196153539; GYRO; 0.323029; 0.022430; 0.110611; 0.000000; 0.000000; 0.000000
48711210283178; ACC; 0.527588; 3.036346; 12.129913; 0.000000; 0.000000; 0.000000
48711216264623; GYRO; 0.587204; 0.387817; 0.041367; 0.000000; 0.000000; 0.000000
48711230333227; ACC; 1.023193; 3.383499; 8.196243; 0.000000; 0.000000; 0.000000
48711236314672; GYRO; 0.378418; 0.332413; -0.069427; 0.000000; 0.000000; 0.000000
48711250413793; ACC; 2.251404; 2.485687; 9.481934; 0.000000; 0.000000; 0.000000
48711256395238; GYRO; -0.399231; -0.538971; -0.327209; 0.000000; 0.000000; 0.000000
48711270494359; ACC; 2.476471; 1.034790; 15.924728; 0.000000; 0.000000; 0.000000
48711276475805; GYRO; -1.151306; -1.036438; -0.606308; 0.000000; 0.000000; 0.000000
48711290574926; ACC; 1.387100; -0.126389; 19.082672; 0.000000; 0.000000; 0.000000
48711296556371; GYRO; -1.065018; -0.346161; -0.684082; 0.000000; 0.000000; 0.000000
48711310655492; ACC; -0.130814; -0.440033; 15.266312; 0.000000; 0.000000; 0.000000
48711316636937; GYRO; -0.374725; 0.934296; -0.448654; 0.000000; 0.000000; 0.000000
48711330736059; ACC; -1.308762; 0.701996; 9.498688; 0.000000; 0.000000; 0.000000
48711336717504; GYRO; 0.177078; 1.630981; -0.006577; 0.000000; 0.000000; 0.000000
48711350847143; ACC; -1.447632; 2.014023; 6.218628; 0.000000; 0.000000; 0.000000
48711356828588; GYRO; 0.376282; 1.283707; 0.346024; 0.000000; 0.000000; 0.000000
48711370927709; ACC; -1.114838; 2.509628; 5.316010; 0.000000; 0.000000; 0.000000
48711376909154; GYRO; 0.383743; 0.440018; 0.470673; 0.000000; 0.000000; 0.000000
48711391008275; ACC; -0.640778; 2.382736; 5.964844; 0.000000; 0.000000; 0.000000
48711396989721; GYRO; 0.327286; -0.319519; 0.481323; 0.000000; 0.000000; 0.000000
48711411088842; ACC; 0.063110; 2.002045; 7.047028; 0.000000; 0.000000; 0.000000
48711417070287; GYRO; 0.305984; -0.640167; 0.485580; 0.000000; 0.000000; 0.000000
48711431169408; ACC; 0.532379; 1.966141; 7.058990; 0.000000; 0.000000; 0.000000
48711437150854; GYRO; 0.303848; -0.556015; 0.467468; 0.000000; 0.000000; 0.000000
48711451249975; ACC; 0.956146; 2.112183; 6.891403; 0.000000; 0.000000; 0.000000
48711457231420; GYRO; 0.150452; -0.319519; 0.444031; 0.000000; 0.000000; 0.000000
48711471330541; ACC; 1.355988; 2.358780; 7.331940; 0.000000; 0.000000; 0.000000
48711477311986; GYRO; -0.127579; 0.010712; 0.380112; 0.000000; 0.000000; 0.000000
48711491411107; ACC; 1.150085; 2.567078; 7.676697; 0.000000; 0.000000; 0.000000
48711497392553; GYRO; -0.298035; 0.329224; 0.208618; 0.000000; 0.000000; 0.000000
48711511491674; ACC; 0.156479; 2.195984; 7.372635; 0.000000; 0.000000; 0.000000
48711517473119; GYRO; -0.258606; 0.361176; 0.003021; 0.000000; 0.000000; 0.000000
48711531572240; ACC; -0.552200; 1.451385; 7.638397; 0.000000; 0.000000; 0.000000
48711537553686; GYRO; -0.139297; 0.042664; -0.023621; 0.000000; 0.000000; 0.000000
48711551652807; ACC; -0.408554; 0.936630; 8.823517; 0.000000; 0.000000; 0.000000
48711557634252; GYRO; 0.016220; -0.256668; 0.167068; 0.000000; 0.000000; 0.000000
48711571733373; ACC; 0.225922; 1.037186; 9.513046; 0.000000; 0.000000; 0.000000
48711577714818; GYRO; 0.237793; -0.129898; 0.411011; 0.000000; 0.000000; 0.000000
48711591844457; ACC; 0.510834; 1.822479; 7.786835; 0.000000; 0.000000; 0.000000
48711597825902; GYRO; 0.435944; 0.436813; 0.565475; 0.000000; 0.000000; 0.000000
48711611925023; ACC; 0.604202; 2.804108; 5.395020; 0.000000; 0.000000; 0.000000
48711617906469; GYRO; 0.397583; 0.697800; 0.560150; 0.000000; 0.000000; 0.000000
48711632005590; ACC; 0.448578; 3.196762; 6.247360; 0.000000; 0.000000; 0.000000
48711637987035; GYRO; 0.116364; 0.206726; 0.380112; 0.000000; 0.000000; 0.000000
48711652086156; ACC; -0.063782; 2.545532; 9.946396; 0.000000; 0.000000; 0.000000
48711658067602; GYRO; -0.025314; -0.496353; 0.155350; 0.000000; 0.000000; 0.000000
48711672197240; ACC; -0.568954; 1.360413; 13.202515; 0.000000; 0.000000; 0.000000
48711678178686; GYRO; 0.131271; -0.620987; 0.098892; 0.000000; 0.000000; 0.000000
48711692277807; ACC; -1.112442; 0.883957; 13.666992; 0.000000; 0.000000; 0.000000
48711698259252; GYRO; 0.382675; 0.192871; 0.311935; 0.000000; 0.000000; 0.000000
48711712358373; ACC; -1.394958; 1.743484; 10.166672; 0.000000; 0.000000; 0.000000
48711718339818; GYRO; 0.491333; 1.270920; 0.664551; 0.000000; 0.000000; 0.000000
48711732438939; ACC; -1.050186; 3.474487; 7.094910; 0.000000; 0.000000; 0.000000
48711738420385; GYRO; 0.188797; 1.474380; 0.879730; 0.000000; 0.000000; 0.000000
48711752519506; ACC; -0.820343; 4.803268; 8.847458; 0.000000; 0.000000; 0.000000
48711758500951; GYRO; -0.441833; 0.677567; 0.738052; 0.000000; 0.000000; 0.000000
48711772600072; ACC; -1.059769; 3.742630; 14.741989; 0.000000; 0.000000; 0.000000
48711778581518; GYRO; -0.745438; -0.333374; 0.419540; 0.000000; 0.000000; 0.000000
48711792680639; ACC; -0.964005; 1.899094; 18.218369; 0.000000; 0.000000; 0.000000
48711798662084; GYRO; -0.261810; -0.698761; 0.310883; 0.000000; 0.000000; 0.000000
48711812761205; ACC; -1.021469; 1.528000; 15.728394; 0.000000; 0.000000; 0.000000
48711818742650; GYRO; 0.490265; -0.212997; 0.403549; 0.000000; 0.000000; 0.000000
48711832841771; ACC; -1.416504; 2.394699; 10.125961; 0.000000; 0.000000; 0.000000
48711838823217; GYRO; 0.694794; 0.235474; 0.464279; 0.000000; 0.000000; 0.000000
48711852952855; ACC; -1.897736; 2.555115; 8.529037; 0.000000; 0.000000; 0.000000
48711858934301; GYRO; 0.052444; -0.231110; 0.402496; 0.000000; 0.000000; 0.000000
48711873033422; ACC; -1.368622; 1.829666; 13.078018; 0.000000; 0.000000; 0.000000
48711879014867; GYRO; -0.813614; -0.832977; 0.404617; 0.000000; 0.000000; 0.000000
48711893113988; ACC; -0.272079; 1.049164; 16.602280; 0.000000; 0.000000; 0.000000
48711899095434; GYRO; -1.118286; -0.469727; 0.442963; 0.000000; 0.000000; 0.000000
48711913194555; ACC; -0.339111; 0.754669; 15.915146; 0.000000; 0.000000; 0.000000
48711919176000; GYRO; -0.861557; 0.484756; 0.432312; 0.000000; 0.000000; 0.000000
48711933275121; ACC; -1.126801; 1.025223; 12.388489; 0.000000; 0.000000; 0.000000
48711939256566; GYRO; -0.352356; 1.093018; 0.483444; 0.000000; 0.000000; 0.000000
48711953355687; ACC; -1.509872; 1.355621; 8.847458; 0.000000; 0.000000; 0.000000
48711959337133; GYRO; 0.117432; 0.877838; 0.588913; 0.000000; 0.000000; 0.000000
48711973436254; ACC; -1.378204; 1.408295; 6.836334; 0.000000; 0.000000; 0.000000
48711979417699; GYRO; 0.359238; 0.123627; 0.676270; 0.000000; 0.000000; 0.000000
48711993516820; ACC; -0.439667; 1.535187; 7.473190; 0.000000; 0.000000; 0.000000
48711999498266; GYRO; 0.319824; -0.567734; 0.729523; 0.000000; 0.000000; 0.000000
48712013597387; ACC; 1.408646; 2.025986; 9.457993; 0.000000; 0.000000; 0.000000
48712019578832; GYRO; 0.214371; -0.610336; 0.653885; 0.000000; 0.000000; 0.000000
48712033677953; ACC; 1.557098; 2.241470; 8.157928; 0.000000; 0.000000; 0.000000
48712039659398; GYRO; 0.219696; 0.055450; 0.309814; 0.000000; 0.000000; 0.000000
