48510761570955; ACC; 0.300140; 2.354004; 9.819504; 0.000000; 0.000000; 0.000000
48510781621003; ACC; -0.018295; 1.970932; 10.145126; 0.000000; 0.000000; 0.000000
48510801671052; ACC; -0.724579; 2.085846; 8.998306; 0.000000; 0.000000; 0.000000
48510821721101; ACC; -0.863449; 2.212738; 9.627975; 0.000000; 0.000000; 0.000000
48510841801667; ACC; 1.023193; 1.992477; 13.128296; 0.000000; 0.000000; 0.000000
48510861882234; ACC; 0.735886; 2.291748; 11.564880; 0.000000; 0.000000; 0.000000
48510881932283; ACC; -0.365448; 2.205551; 8.390167; 0.000000; 0.000000; 0.000000
48510902043367; ACC; -0.978363; 1.882339; 6.498749; 0.000000; 0.000000; 0.000000
48510922093415; ACC; 0.182816; 1.369980; 10.078079; 0.000000; 0.000000; 0.000000
48510928135896; GYRO; -0.758224; -1.138718; -0.158905; 0.000000; 0.000000; 0.000000
48510942173982; ACC; 1.382309; 0.479340; 15.395599; 0.000000; 0.000000; 0.000000
48510948185945; GYRO; -0.708160; -1.054550; -0.141861; 0.000000; 0.000000; 0.000000
48510962254548; ACC; 1.257813; -0.231735; 16.063583; 0.000000; 0.000000; 0.000000
48510968235994; GYRO; -0.352356; -0.346161; -0.156769; 0.000000; 0.000000; 0.000000
48510982365632; ACC; 0.010437; 0.321320; 10.810715; 0.000000; 0.000000; 0.000000
48510988347078; GYRO; 0.163239; 0.772369; -0.137604; 0.000000; 0.000000; 0.000000
48511002446199; ACC; -0.997513; 1.628555; 6.982376; 0.000000; 0.000000; 0.000000
48511008427644; GYRO; 0.210098; 1.058929; -0.087524; 0.000000; 0.000000; 0.000000
48511022526765; ACC; -1.014282; 1.949371; 6.529877; 0.000000; 0.000000; 0.000000
48511028508210; GYRO; -0.037033; 0.653061; -0.081146; 0.000000; 0.000000; 0.000000
48511042607332; ACC; -1.258484; 1.506454; 7.674301; 0.000000; 0.000000; 0.000000
48511048588777; GYRO; -0.210678; 0.140671; -0.123749; 0.000000; 0.000000; 0.000000
48511062687898; ACC; -1.172302; 1.188019; 9.000687; 0.000000; 0.000000; 0.000000
48511068669343; GYRO; -0.152084; -0.295029; -0.074753; 0.000000; 0.000000; 0.000000
48511082768464; ACC; -0.489944; 1.226334; 9.711777; 0.000000; 0.000000; 0.000000
48511088749910; GYRO; 0.055634; -0.575180; 0.009415; 0.000000; 0.000000; 0.000000
48511102849031; ACC; 0.230698; 1.504059; 9.211380; 0.000000; 0.000000; 0.000000
48511108830476; GYRO; 0.171753; -0.659348; 0.039230; 0.000000; 0.000000; 0.000000
48511122960115; ACC; 0.778976; 1.686020; 9.304764; 0.000000; 0.000000; 0.000000
48511128941560; GYRO; -0.014664; -0.714737; -0.028946; 0.000000; 0.000000; 0.000000
48511143040681; ACC; 1.150085; 1.518417; 11.054916; 0.000000; 0.000000; 0.000000
48511149022126; GYRO; -0.314011; -0.620987; -0.167419; 0.000000; 0.000000; 0.000000
48511163121248; ACC; 0.201981; 1.154510; 11.919220; 0.000000; 0.000000; 0.000000
48511169102693; GYRO; -0.383255; -0.194885; -0.325089; 0.000000; 0.000000; 0.000000
48511183201814; ACC; -1.234543; 0.965363; 11.193787; 0.000000; 0.000000; 0.000000
48511189183259; GYRO; -0.216003; 0.273834; -0.283539; 0.000000; 0.000000; 0.000000
48511203282380; ACC; -0.889786; 1.607010; 9.455597; 0.000000; 0.000000; 0.000000
48511209263826; GYRO; 0.055634; 0.413376; -0.034271; 0.000000; 0.000000; 0.000000
48511223362947; ACC; 0.721512; 2.761017; 8.148361; 0.000000; 0.000000; 0.000000
48511229344392; GYRO; 0.221817; 0.207779; 0.063736; 0.000000; 0.000000; 0.000000
48511243443513; ACC; 1.456543; 3.376328; 7.726974; 0.000000; 0.000000; 0.000000
48511249424958; GYRO; 0.171753; -0.030838; -0.187668; 0.000000; 0.000000; 0.000000
48511263524080; ACC; 0.764618; 3.031555; 8.007095; 0.000000; 0.000000; 0.000000
48511269505525; GYRO; -0.027451; -0.106476; -0.580750; 0.000000; 0.000000; 0.000000
48511283604646; ACC; -0.509109; 2.128937; 8.902527; 0.000000; 0.000000; 0.000000
48511289586091; GYRO; -0.243698; -0.035095; -0.793808; 0.000000; 0.000000; 0.000000
48511303685212; ACC; -1.028641; 1.453781; 10.032593; 0.000000; 0.000000; 0.000000
48511309666658; GYRO; -0.304413; 0.041595; -0.734146; 0.000000; 0.000000; 0.000000
48511323765779; ACC; -0.600082; 1.441803; 10.353424; 0.000000; 0.000000; 0.000000
48511329747224; GYRO; -0.172333; 0.082077; -0.572220; 0.000000; 0.000000; 0.000000
48511343876863; ACC; -0.068573; 1.791367; 9.862610; 0.000000; 0.000000; 0.000000
48511349858308; GYRO; 0.018356; 0.057587; -0.504044; 0.000000; 0.000000; 0.000000
48511363957429; ACC; -0.008713; 1.999664; 9.311935; 0.000000; 0.000000; 0.000000
48511369938874; GYRO; 0.117432; -0.090485; -0.564774; 0.000000; 0.000000; 0.000000
48511384037996; ACC; -0.188278; 1.824875; 9.613602; 0.000000; 0.000000; 0.000000
48511390019441; GYRO; 0.042862; -0.340820; -0.655319; 0.000000; 0.000000; 0.000000
48511404118562; ACC; -0.418121; 1.259842; 11.552917; 0.000000; 0.000000; 0.000000
48511410100007; GYRO; -0.140366; -0.473984; -0.642532; 0.000000; 0.000000; 0.000000
48511424199128; ACC; -0.260101; 1.010849; 13.013382; 0.000000; 0.000000; 0.000000
48511430180574; GYRO; -0.163803; -0.279037; -0.511505; 0.000000; 0.000000; 0.000000
48511444279695; ACC; 0.106201; 1.279007; 12.132309; 0.000000; 0.000000; 0.000000
48511450261140; GYRO; 0.035400; 0.010712; -0.435867; 0.000000; 0.000000; 0.000000
48511464360261; ACC; 0.187607; 1.700378; 10.058929; 0.000000; 0.000000; 0.000000
48511470341707; GYRO; 0.201584; -0.002075; -0.487000; 0.000000; 0.000000; 0.000000
48511484471345; ACC; 0.529984; 1.688416; 9.311935; 0.000000; 0.000000; 0.000000
48511490452790; GYRO; 0.113159; -0.430313; -0.583939; 0.000000; 0.000000; 0.000000
48511504551912; ACC; 1.827637; 1.195206; 10.884933; 0.000000; 0.000000; 0.000000
48511510533357; GYRO; -0.129715; -0.883041; -0.673431; 0.000000; 0.000000; 0.000000
48511524632478; ACC; 2.280136; 0.536804; 12.692551; 0.000000; 0.000000; 0.000000
48511530613923; GYRO; -0.277786; -0.953354; -0.819366; 0.000000; 0.000000; 0.000000
48511544713044; ACC; 1.600189; 0.184845; 13.602356; 0.000000; 0.000000; 0.000000
48511550694490; GYRO; -0.269272; -0.510208; -0.880081; 0.000000; 0.000000; 0.000000
48511564824128; ACC; 0.975296; 0.445816; 11.880920; 0.000000; 0.000000; 0.000000
48511570805574; GYRO; -0.061539; 0.235474; -0.808716; 0.000000; 0.000000; 0.000000
48511584904695; ACC; 0.702362; 0.824097; 8.490723; 0.000000; 0.000000; 0.000000
48511590886140; GYRO; 0.108902; 0.615784; -0.710709; 0.000000; 0.000000; 0.000000
48511604985261; ACC; 1.025574; 1.362793; 7.214615; 0.000000; 0.000000; 0.000000
48511610966707; GYRO; 0.043915; 0.409119; -0.632950; 0.000000; 0.000000; 0.000000
48511625065828; ACC; 1.423019; 1.645309; 7.456436; 0.000000; 0.000000; 0.000000
48511631047273; GYRO; -0.061539; -0.040421; -0.665970; 0.000000; 0.000000; 0.000000
48511645146394; ACC; 1.748627; 1.721924; 8.394958; 0.000000; 0.000000; 0.000000
48511651127839; GYRO; -0.142502; -0.414337; -0.757584; 0.000000; 0.000000; 0.000000
48511665226960; ACC; 1.597794; 1.568695; 9.826691; 0.000000; 0.000000; 0.000000
48511671208406; GYRO; -0.214935; -0.513397; -0.851334; 0.000000; 0.000000; 0.000000
48511685307527; ACC; 1.102188; 1.104233; 10.856201; 0.000000; 0.000000; 0.000000
48511691288972; GYRO; -0.221329; -0.249222; -0.857712; 0.000000; 0.000000; 0.000000
48511705388093; ACC; 0.587448; 1.104233; 10.044571; 0.000000; 0.000000; 0.000000
48511711369539; GYRO; -0.142502; 0.105515; -0.754395; 0.000000; 0.000000; 0.000000
48511725499177; ACC; 0.290558; 1.343643; 9.244904; 0.000000; 0.000000; 0.000000
48511731480623; GYRO; -0.083908; 0.192871; -0.639343; 0.000000; 0.000000; 0.000000
48511745579744; ACC; 0.151703; 1.458572; 8.821121; 0.000000; 0.000000; 0.000000
48511751561189; GYRO; -0.019989; 0.135345; -0.574356; 0.000000; 0.000000; 0.000000
48511765660310; ACC; -0.372635; 1.664474; 8.390167; 0.000000; 0.000000; 0.000000
48511771641755; GYRO; 0.056702; 0.053314; -0.541336; 0.000000; 0.000000; 0.000000
48511785740876; ACC; -0.485168; 1.891922; 8.043015; 0.000000; 0.000000; 0.000000
48511791722322; GYRO; 0.083344; -0.029770; -0.435867; 0.000000; 0.000000; 0.000000
48511805821443; ACC; 0.012833; 2.195984; 8.064560; 0.000000; 0.000000; 0.000000
48511811802888; GYRO; 0.057770; -0.132034; -0.325089; 0.000000; 0.000000; 0.000000
48511825902009; ACC; 0.702362; 2.468918; 8.478760; 0.000000; 0.000000; 0.000000
48511831883455; GYRO; 0.016220; -0.299286; -0.329346; 0.000000; 0.000000; 0.000000
48511846013093; ACC; 1.159653; 2.468918; 9.046188; 0.000000; 0.000000; 0.000000
48511851994539; GYRO; -0.065796; -0.444153; -0.451859; 0.000000; 0.000000; 0.000000
48511866093660; ACC; 0.994461; 1.994873; 10.188217; 0.000000; 0.000000; 0.000000
48511872075105; GYRO; -0.230911; -0.483566; -0.578613; 0.000000; 0.000000; 0.000000
48511886174226; ACC; 0.300140; 1.360413; 12.386093; 0.000000; 0.000000; 0.000000
48511892155671; GYRO; -0.318268; -0.318451; -0.559448; 0.000000; 0.000000; 0.000000
48511906254792; ACC; 0.118179; 1.094650; 12.323837; 0.000000; 0.000000; 0.000000
48511912236238; GYRO; -0.109482; 0.076752; -0.365570; 0.000000; 0.000000; 0.000000
48511926365876; ACC; 0.333649; 1.690811; 9.996674; 0.000000; 0.000000; 0.000000
48511932347322; GYRO; 0.105713; 0.259979; -0.184464; 0.000000; 0.000000; 0.000000
48511946446443; ACC; 0.582657; 2.253448; 9.994293; 0.000000; 0.000000; 0.000000
48511952427888; GYRO; 0.029007; 0.034149; -0.157837; 0.000000; 0.000000; 0.000000
48511966527009; ACC; 0.082260; 1.841644; 11.938385; 0.000000; 0.000000; 0.000000
48511972508455; GYRO; -0.074326; -0.134171; -0.211105; 0.000000; 0.000000; 0.000000
48511986607576; ACC; -0.521072; 1.441803; 12.649460; 0.000000; 0.000000; 0.000000
48511992589021; GYRO; -0.001877; 0.042664; -0.157837; 0.000000; 0.000000; 0.000000
48512006688142; ACC; -0.446854; 1.520813; 11.543335; 0.000000; 0.000000; 0.000000
48512012669587; GYRO; 0.067352; 0.273834; -0.031067; 0.000000; 0.000000; 0.000000
48512026768708; ACC; 0.017624; 1.872757; 11.440384; 0.000000; 0.000000; 0.000000
48512032750154; GYRO; -0.079651; 0.241867; -0.010834; 0.000000; 0.000000; 0.000000
48512046849275; ACC; 0.201981; 1.602219; 11.481079; 0.000000; 0.000000; 0.000000
48512052830720; GYRO; -0.299088; -0.023376; -0.157837; 0.000000; 0.000000; 0.000000
48512066929841; ACC; 0.223526; 0.287796; 13.434753; 0.000000; 0.000000; 0.000000
48512072911287; GYRO; -0.635712; -0.590103; -0.312302; 0.000000; 0.000000; 0.000000
48512087010408; ACC; -0.166733; -1.146317; 17.559967; 0.000000; 0.000000; 0.000000
48512092991853; GYRO; -0.843445; -0.819138; -0.244125; 0.000000; 0.000000; 0.000000
48512107121492; ACC; -0.061386; -1.416870; 18.479340; 0.000000; 0.000000; 0.000000
48512113102937; GYRO; -0.456757; -0.238556; 0.082916; 0.000000; 0.000000; 0.000000
48512127202058; ACC; 0.328873; -0.121613; 13.327011; 0.000000; 0.000000; 0.000000
48512133183503; GYRO; 0.230347; 0.606186; 0.353485; 0.000000; 0.000000; 0.000000
48512147282624; ACC; 0.067902; 0.733124; 7.786835; 0.000000; 0.000000; 0.000000
48512153264070; GYRO; 0.419968; 0.834152; 0.365204; 0.000000; 0.000000; 0.000000
48512167363191; ACC; -0.403763; 0.879166; 6.752533; 0.000000; 0.000000; 0.000000
48512173344636; GYRO; 0.000244; 0.507126; 0.297028; 0.000000; 0.000000; 0.000000
48512187443757; ACC; -0.401367; 0.536804; 8.727753; 0.000000; 0.000000; 0.000000
48512193425203; GYRO; -0.367264; 0.106583; 0.264008; 0.000000; 0.000000; 0.000000
48512207554841; ACC; 0.012833; 0.268646; 9.678253; 0.000000; 0.000000; 0.000000
48512213536287; GYRO; -0.324661; -0.113922; 0.244827; 0.000000; 0.000000; 0.000000
48512227635408; ACC; 0.020020; 0.292587; 9.106033; 0.000000; 0.000000; 0.000000
48512233616853; GYRO; -0.142502; -0.207672; 0.196899; 0.000000; 0.000000; 0.000000
48512247715974; ACC; -0.262497; 0.215973; 9.022247; 0.000000; 0.000000; 0.000000
48512253697419; GYRO; -0.079651; -0.216187; 0.176651; 0.000000; 0.000000; 0.000000
48512267796540; ACC; -0.212219; 0.287796; 9.048584; 0.000000; 0.000000; 0.000000
48512273777986; GYRO; -0.067932; -0.083038; 0.228851; 0.000000; 0.000000; 0.000000
48512287877107; ACC; -0.073364; 0.649323; 8.569733; 0.000000; 0.000000; 0.000000
48512293858552; GYRO; -0.057281; 0.140671; 0.259750; 0.000000; 0.000000; 0.000000
48512307957673; ACC; -0.224197; 0.812134; 7.736557; 0.000000; 0.000000; 0.000000
48512313939119; GYRO; -0.035965; 0.332413; 0.225662; 0.000000; 0.000000; 0.000000
48512328038240; ACC; -0.454041; 0.771439; 7.025482; 0.000000; 0.000000; 0.000000
48512334019685; GYRO; -0.005081; 0.350525; 0.199020; 0.000000; 0.000000; 0.000000
48512348118806; ACC; -0.363052; 0.802551; 7.432495; 0.000000; 0.000000; 0.000000
48512354100251; GYRO; 0.037537; 0.213104; 0.232040; 0.000000; 0.000000; 0.000000
48512368199373; ACC; -0.078140; 0.998886; 7.942459; 0.000000; 0.000000; 0.000000
48512374180818; GYRO; 0.174957; 0.140671; 0.266129; 0.000000; 0.000000; 0.000000
48512388279939; ACC; 0.077469; 1.305344; 7.200256; 0.000000; 0.000000; 0.000000
48512394261384; GYRO; 0.339005; 0.200333; 0.236313; 0.000000; 0.000000; 0.000000
48512408360505; ACC; -0.118851; 1.444199; 6.496353; 0.000000; 0.000000; 0.000000
48512414341951; GYRO; 0.317688; 0.184341; 0.160675; 0.000000; 0.000000; 0.000000
48512428441072; ACC; -0.377426; 1.504059; 7.353485; 0.000000; 0.000000; 0.000000
48512434422517; GYRO; 0.127014; 0.052261; 0.096756; 0.000000; 0.000000; 0.000000
48512448521638; ACC; -0.499527; 1.300552; 9.290390; 0.000000; 0.000000; 0.000000
48512454503083; GYRO; -0.006149; -0.113922; 0.055206; 0.000000; 0.000000; 0.000000
48512468632722; ACC; -0.837112; 0.958176; 10.781982; 0.000000; 0.000000; 0.000000
48512474614167; GYRO; -0.009338; -0.169327; 0.040298; 0.000000; 0.000000; 0.000000
48512488713289; ACC; -1.220184; 0.469757; 11.749237; 0.000000; 0.000000; 0.000000
48512494694734; GYRO; 0.034332; -0.110733; 0.110611; 0.000000; 0.000000; 0.000000
48512508793855; ACC; -0.928085; 0.244705; 11.998230; 0.000000; 0.000000; 0.000000
48512514775300; GYRO; 0.103577; -0.110733; 0.262939; 0.000000; 0.000000; 0.000000
48512528874421; ACC; -0.281647; 0.541595; 12.302292; 0.000000; 0.000000; 0.000000
48512534855867; GYRO; 0.127014; -0.284363; 0.379059; 0.000000; 0.000000; 0.000000
48512548954988; ACC; 0.549133; 0.764252; 12.603973; 0.000000; 0.000000; 0.000000
48512554936433; GYRO; 0.085464; -0.505951; 0.379059; 0.000000; 0.000000; 0.000000
48512569035554; ACC; 1.291336; 0.560745; 13.058868; 0.000000; 0.000000; 0.000000
48512575016999; GYRO; 0.007706; -0.736038; 0.277847; 0.000000; 0.000000; 0.000000
48512589116121; ACC; 2.162827; 0.508072; 13.597565; 0.000000; 0.000000; 0.000000
48512595097566; GYRO; -0.073257; -0.909683; 0.132980; 0.000000; 0.000000; 0.000000
48512609196687; ACC; 2.706314; 0.699600; 13.391663; 0.000000; 0.000000; 0.000000
48512615178132; GYRO; -0.184052; -0.929916; -0.114166; 0.000000; 0.000000; 0.000000
48512629307771; ACC; 2.670395; 0.292587; 13.202515; 0.000000; 0.000000; 0.000000
48512635289216; GYRO; -0.387512; -0.853226; -0.426285; 0.000000; 0.000000; 0.000000
48512649388337; ACC; 1.997620; -0.293991; 13.774734; 0.000000; 0.000000; 0.000000
48512655369783; GYRO; -0.619736; -0.545364; -0.659576; 0.000000; 0.000000; 0.000000
48512669468904; ACC; 1.106979; -0.566925; 13.073227; 0.000000; 0.000000; 0.000000
48512675450349; GYRO; -0.684723; 0.088470; -0.733078; 0.000000; 0.000000; 0.000000
48512689549470; ACC; 0.443787; -0.349060; 10.628754; 0.000000; 0.000000; 0.000000
48512695530915; GYRO; -0.598434; 0.649872; -0.694733; 0.000000; 0.000000; 0.000000
48512709660554; ACC; 0.383942; -0.195831; 8.481155; 0.000000; 0.000000; 0.000000
48512715641999; GYRO; -0.497238; 0.685028; -0.625488; 0.000000; 0.000000; 0.000000
48512729741121; ACC; 0.671234; -0.114426; 8.430878; 0.000000; 0.000000; 0.000000
48512735722566; GYRO; -0.436508; 0.239746; -0.573288; 0.000000; 0.000000; 0.000000
48512749821687; ACC; 0.867569; -0.128784; 9.771622; 0.000000; 0.000000; 0.000000
48512755803132; GYRO; -0.288437; -0.173584; -0.545593; 0.000000; 0.000000; 0.000000
48512769902253; ACC; 0.520401; -0.126389; 9.865005; 0.000000; 0.000000; 0.000000
48512775883699; GYRO; 0.017288; -0.194885; -0.477417; 0.000000; 0.000000; 0.000000
48512789982820; ACC; 0.340836; 0.244705; 8.387772; 0.000000; 0.000000; 0.000000
48512795964265; GYRO; 0.280411; 0.041595; -0.324020; 0.000000; 0.000000; 0.000000
48512810063386; ACC; 0.750244; 0.706787; 6.853088; 0.000000; 0.000000; 0.000000
48512816044832; GYRO; 0.313431; 0.169434; -0.188736; 0.000000; 0.000000; 0.000000
48512830143953; ACC; 1.080643; 1.185623; 7.008713; 0.000000; 0.000000; 0.000000
48512836125398; GYRO; 0.165359; 0.137482; -0.183411; 0.000000; 0.000000; 0.000000
48512850255037; ACC; 0.963333; 1.149719; 7.580933; 0.000000; 0.000000; 0.000000
48512856236482; GYRO; 0.100388; 0.127884; -0.288864; 0.000000; 0.000000; 0.000000
48512870335603; ACC; 0.247467; 0.862411; 7.145187; 0.000000; 0.000000; 0.000000
48512876317048; GYRO; 0.146194; 0.234421; -0.382614; 0.000000; 0.000000; 0.000000
48512890416169; ACC; -0.580933; 0.567917; 6.723801; 0.000000; 0.000000; 0.000000
48512896397615; GYRO; 0.181335; 0.277023; -0.351715; 0.000000; 0.000000; 0.000000
48512910496736; ACC; -0.585724; 0.577499; 7.348694; 0.000000; 0.000000; 0.000000
48512916478181; GYRO; 0.206909; 0.127884; -0.190857; 0.000000; 0.000000; 0.000000
48512930577302; ACC; -0.176315; 0.876770; 8.265671; 0.000000; 0.000000; 0.000000
48512936558748; GYRO; 0.282547; -0.060669; -0.050247; 0.000000; 0.000000; 0.000000
48512950657869; ACC; 0.034378; 1.207184; 8.541000; 0.000000; 0.000000; 0.000000
48512956639314; GYRO; 0.353912; -0.096878; -0.008698; 0.000000; 0.000000; 0.000000
48512970738435; ACC; 0.216339; 1.298157; 8.758881; 0.000000; 0.000000; 0.000000
48512976719880; GYRO; 0.325150; 0.003250; -0.023621; 0.000000; 0.000000; 0.000000
48512990819001; ACC; 0.482101; 1.247879; 9.058151; 0.000000; 0.000000; 0.000000
48512996800447; GYRO; 0.226089; 0.074631; -0.055573; 0.000000; 0.000000; 0.000000
48513010899568; ACC; 0.529984; 1.080276; 10.233704; 0.000000; 0.000000; 0.000000
48513016881013; GYRO; 0.078018; 0.026688; -0.086472; 0.000000; 0.000000; 0.000000
48513030980134; ACC; 0.158875; 0.596649; 11.818665; 0.000000; 0.000000; 0.000000
48513036961580; GYRO; 0.025818; -0.008469; -0.071548; 0.000000; 0.000000; 0.000000
48513051060701; ACC; -0.173920; 0.402725; 12.615936; 0.000000; 0.000000; 0.000000
48513057042146; GYRO; 0.123810; 0.035217; 0.048828; 0.000000; 0.000000; 0.000000
48513071141267; ACC; 0.482101; 0.603836; 12.855362; 0.000000; 0.000000; 0.000000
48513077122712; GYRO; 0.252716; 0.120438; 0.199020; 0.000000; 0.000000; 0.000000
48513091221833; ACC; 0.951355; 0.974945; 12.642273; 0.000000; 0.000000; 0.000000
48513097203279; GYRO; 0.286804; 0.261047; 0.204346; 0.000000; 0.000000; 0.000000
48513111332917; ACC; 0.690399; 0.871994; 12.613541; 0.000000; 0.000000; 0.000000
48513117314363; GYRO; 0.205841; 0.403793; 0.086105; 0.000000; 0.000000; 0.000000
48513131413484; ACC; -0.030258; 0.699600; 11.689377; 0.000000; 0.000000; 0.000000
48513137394929; GYRO; 0.072678; 0.615784; 0.006210; 0.000000; 0.000000; 0.000000
48513151494050; ACC; -0.624023; 0.572708; 10.102020; 0.000000; 0.000000; 0.000000
48513157475496; GYRO; -0.171265; 0.621109; 0.011536; 0.000000; 0.000000; 0.000000
48513171574617; ACC; -0.066177; -0.044998; 11.854584; 0.000000; 0.000000; 0.000000
48513177556062; GYRO; -0.523865; 0.091675; 0.078644; 0.000000; 0.000000; 0.000000
48513191655183; ACC; 0.491669; -0.593262; 15.378845; 0.000000; 0.000000; 0.000000
48513197636628; GYRO; -0.551559; -0.312073; 0.146820; 0.000000; 0.000000; 0.000000
48513211735749; ACC; 0.194794; -0.344269; 14.315826; 0.000000; 0.000000; 0.000000
48513217717195; GYRO; -0.065796; -0.034027; 0.183044; 0.000000; 0.000000; 0.000000
48513231846833; ACC; -0.492340; 0.184845; 9.311935; 0.000000; 0.000000; 0.000000
48513237828279; GYRO; 0.288940; 0.391006; 0.214996; 0.000000; 0.000000; 0.000000
48513251927400; ACC; -0.762894; 0.680450; 6.745361; 0.000000; 0.000000; 0.000000
48513257908845; GYRO; 0.088669; 0.361176; 0.269333; 0.000000; 0.000000; 0.000000
48513272007966; ACC; -0.267288; 0.977325; 7.413330; 0.000000; 0.000000; 0.000000
48513277989412; GYRO; -0.255417; 0.023499; 0.282120; 0.000000; 0.000000; 0.000000
48513292088533; ACC; 0.122971; 0.953384; 8.397354; 0.000000; 0.000000; 0.000000
48513298069978; GYRO; -0.344894; -0.256668; 0.177719; 0.000000; 0.000000; 0.000000
48513312199617; ACC; -0.228989; 0.654114; 8.375809; 0.000000; 0.000000; 0.000000
48513318181062; GYRO; -0.274597; -0.385574; 0.046692; 0.000000; 0.000000; 0.000000
48513332280183; ACC; -0.676697; 0.455399; 8.423691; 0.000000; 0.000000; 0.000000
48513338261628; GYRO; -0.249023; -0.366394; 0.023254; 0.000000; 0.000000; 0.000000
48513352360749; ACC; -0.770065; 0.321320; 8.555374; 0.000000; 0.000000; 0.000000
48513358342195; GYRO; -0.253281; -0.223648; 0.104218; 0.000000; 0.000000; 0.000000
48513372441316; ACC; -0.521072; 0.426666; 8.825912; 0.000000; 0.000000; 0.000000
48513378422761; GYRO; -0.237305; -0.021255; 0.228851; 0.000000; 0.000000; 0.000000
48513392521882; ACC; -0.202652; 0.692429; 8.354263; 0.000000; 0.000000; 0.000000
48513398503328; GYRO; -0.126526; 0.174759; 0.318329; 0.000000; 0.000000; 0.000000
48513412602449; ACC; -0.087723; 0.960571; 7.403763; 0.000000; 0.000000; 0.000000
48513418583894; GYRO; -0.006149; 0.266373; 0.334320; 0.000000; 0.000000; 0.000000
48513432683015; ACC; 0.008041; 1.070709; 7.207443; 0.000000; 0.000000; 0.000000
48513438664460; GYRO; 0.058838; 0.200333; 0.303421; 0.000000; 0.000000; 0.000000
48513452763582; ACC; -0.197861; 1.025223; 7.681488; 0.000000; 0.000000; 0.000000
48513458745027; GYRO; 0.133408; 0.104446; 0.262939; 0.000000; 0.000000; 0.000000
48513472844148; ACC; -0.691055; 0.939026; 7.604874; 0.000000; 0.000000; 0.000000
48513478825593; GYRO; 0.238861; 0.116165; 0.268265; 0.000000; 0.000000; 0.000000
48513492924714; ACC; -0.803589; 1.068314; 7.430099; 0.000000; 0.000000; 0.000000
48513498906160; GYRO; 0.266556; 0.111908; 0.333252; 0.000000; 0.000000; 0.000000
48513513005281; ACC; -0.274475; 1.410690; 8.615219; 0.000000; 0.000000; 0.000000
48513518986726; GYRO; 0.202652; -0.056396; 0.359879; 0.000000; 0.000000; 0.000000
48513533085847; ACC; -0.133209; 1.575882; 10.228912; 0.000000; 0.000000; 0.000000
48513539067292; GYRO; 0.164291; -0.284363; 0.251221; 0.000000; 0.000000; 0.000000
48513553166414; ACC; -0.698242; 0.996490; 11.861771; 0.000000; 0.000000; 0.000000
48513559147859; GYRO; 0.120621; -0.377045; 0.143631; 0.000000; 0.000000; 0.000000
48513573277498; ACC; -0.877808; 0.287796; 12.910431; 0.000000; 0.000000; 0.000000
48513579258943; GYRO; 0.092926; -0.274780; 0.210739; 0.000000; 0.000000; 0.000000
48513593358064; ACC; -0.339111; 0.215973; 12.517776; 0.000000; 0.000000; 0.000000
48513599339509; GYRO; 0.059906; -0.168259; 0.366272; 0.000000; 0.000000; 0.000000
48513613469148; ACC; 0.750244; 0.567917; 12.232864; 0.000000; 0.000000; 0.000000
48513619450593; GYRO; -0.082840; -0.308868; 0.432312; 0.000000; 0.000000; 0.000000
48513633549714; ACC; 1.901855; 0.680450; 13.429962; 0.000000; 0.000000; 0.000000
48513639531160; GYRO; -0.270325; -0.675323; 0.305557; 0.000000; 0.000000; 0.000000
48513653630281; ACC; 2.201126; 0.560745; 15.168152; 0.000000; 0.000000; 0.000000
48513659611726; GYRO; -0.341705; -0.877716; 0.026459; 0.000000; 0.000000; 0.000000
48513673710847; ACC; 1.755814; -0.025833; 15.244766; 0.000000; 0.000000; 0.000000
48513679692292; GYRO; -0.272461; -0.741364; -0.246262; 0.000000; 0.000000; 0.000000
48513693791414; ACC; 1.344009; -0.698608; 14.718048; 0.000000; 0.000000; 0.000000
48513699772859; GYRO; -0.245834; -0.503815; -0.371964; 0.000000; 0.000000; 0.000000
48513713871980; ACC; 1.499634; -0.806351; 14.358917; 0.000000; 0.000000; 0.000000
48513719853425; GYRO; -0.189377; -0.161865; -0.373016; 0.000000; 0.000000; 0.000000
48513733952546; ACC; 1.375137; -0.449615; 11.878525; 0.000000; 0.000000; 0.000000
48513739933992; GYRO; 0.007706; 0.270630; -0.400726; 0.000000; 0.000000; 0.000000
48513754033113; ACC; 1.097412; -0.135971; 8.878586; 0.000000; 0.000000; 0.000000
48513760014558; GYRO; 0.068420; 0.486877; -0.451859; 0.000000; 0.000000; 0.000000
48513774113679; ACC; 1.104584; -0.090485; 8.263275; 0.000000; 0.000000; 0.000000
48513780095124; GYRO; -0.127579; 0.381424; -0.494461; 0.000000; 0.000000; 0.000000
48513794194246; ACC; 1.164444; -0.145554; 9.675858; 0.000000; 0.000000; 0.000000
48513800175691; GYRO; -0.263947; 0.221634; -0.529617; 0.000000; 0.000000; 0.000000
48513814274812; ACC; 0.822067; -0.279617; 9.479538; 0.000000; 0.000000; 0.000000
48513820256257; GYRO; -0.083908; 0.301529; -0.536011; 0.000000; 0.000000; 0.000000
48513834355378; ACC; 0.070297; -0.035416; 7.477982; 0.000000; 0.000000; 0.000000
48513840336824; GYRO; 0.144058; 0.498596; -0.457184; 0.000000; 0.000000; 0.000000
48513854466462; ACC; -0.023087; 0.493698; 5.756546; 0.000000; 0.000000; 0.000000
48513860447908; GYRO; 0.190933; 0.461319; -0.294189; 0.000000; 0.000000; 0.000000
48513874547029; ACC; 0.575470; 1.109009; 5.873871; 0.000000; 0.000000; 0.000000
48513880528474; GYRO; 0.067352; 0.169434; -0.202576; 0.000000; 0.000000; 0.000000
48513894627595; ACC; 0.671234; 1.252670; 7.298416; 0.000000; 0.000000; 0.000000
48513900609040; GYRO; -0.038101; -0.042557; -0.269699; 0.000000; 0.000000; 0.000000
48513914738679; ACC; -0.058990; 0.792984; 8.382996; 0.000000; 0.000000; 0.000000
48513920720124; GYRO; 0.050308; -0.058533; -0.345322; 0.000000; 0.000000; 0.000000
48513934819246; ACC; -0.762894; 0.407516; 8.339890; 0.000000; 0.000000; 0.000000
48513940800691; GYRO; 0.261230; 0.072495; -0.256912; 0.000000; 0.000000; 0.000000
48513954899812; ACC; -0.719788; 0.747482; 7.176315; 0.000000; 0.000000; 0.000000
48513960881257; GYRO; 0.418900; 0.171570; -0.053436; 0.000000; 0.000000; 0.000000
48513974980378; ACC; 0.103806; 1.405899; 6.733383; 0.000000; 0.000000; 0.000000
48513980961824; GYRO; 0.374161; 0.125763; 0.091431; 0.000000; 0.000000; 0.000000
48513995060945; ACC; 0.702362; 1.805725; 7.509109; 0.000000; 0.000000; 0.000000
48514001042390; GYRO; 0.243134; 0.011780; 0.047760; 0.000000; 0.000000; 0.000000
48514015141511; ACC; 0.376755; 1.537582; 8.699020; 0.000000; 0.000000; 0.000000
48514021122957; GYRO; 0.213303; -0.043625; -0.104568; 0.000000; 0.000000; 0.000000
48514035222078; ACC; -0.427704; 0.900711; 8.715790; 0.000000; 0.000000; 0.000000
48514041203523; GYRO; 0.304916; -0.020187; -0.125885; 0.000000; 0.000000; 0.000000
48514055302644; ACC; -0.231369; 1.046768; 8.572128; 0.000000; 0.000000; 0.000000
48514061284089; GYRO; 0.323029; -0.077713; 0.036041; 0.000000; 0.000000; 0.000000
48514075383210; ACC; 0.690399; 1.369980; 9.395737; 0.000000; 0.000000; 0.000000
48514081364656; GYRO; 0.199448; -0.186371; 0.159607; 0.000000; 0.000000; 0.000000
48514095463777; ACC; 1.846786; 1.748260; 10.856201; 0.000000; 0.000000; 0.000000
48514101445222; GYRO; 0.039658; -0.223648; 0.107407; 0.000000; 0.000000; 0.000000
48514115544343; ACC; 1.705536; 1.585464; 12.503403; 0.000000; 0.000000; 0.000000
48514121525789; GYRO; -0.037033; -0.123520; -0.131210; 0.000000; 0.000000; 0.000000
48514135624910; ACC; 0.290558; 0.864807; 13.018158; 0.000000; 0.000000; 0.000000
48514141606355; GYRO; 0.041794; 0.101257; -0.285675; 0.000000; 0.000000; 0.000000
48514155705476; ACC; -0.499527; 0.577499; 12.843384; 0.000000; 0.000000; 0.000000
48514161686921; GYRO; 0.136597; 0.288742; -0.164230; 0.000000; 0.000000; 0.000000
48514175816560; ACC; -0.092514; 0.874390; 12.805084; 0.000000; 0.000000; 0.000000
48514181798005; GYRO; 0.182404; 0.397400; 0.049881; 0.000000; 0.000000; 0.000000
48514195897126; ACC; 0.314499; 1.209564; 12.371735; 0.000000; 0.000000; 0.000000
48514201878572; GYRO; 0.189865; 0.463440; 0.117004; 0.000000; 0.000000; 0.000000
48514215977693; ACC; -0.185883; 1.295761; 11.279968; 0.000000; 0.000000; 0.000000
48514221959138; GYRO; 0.116364; 0.503922; 0.055206; 0.000000; 0.000000; 0.000000
48514236058259; ACC; -0.825134; 0.962967; 10.418060; 0.000000; 0.000000; 0.000000
48514242039705; GYRO; -0.073257; 0.321762; 0.025391; 0.000000; 0.000000; 0.000000
48514256169343; ACC; -0.267288; 0.381180; 12.093994; 0.000000; 0.000000; 0.000000
48514262150789; GYRO; -0.355545; -0.176773; 0.099960; 0.000000; 0.000000; 0.000000
48514276249910; ACC; 0.537170; -0.071335; 15.534470; 0.000000; 0.000000; 0.000000
48514282231355; GYRO; -0.422668; -0.528320; 0.169189; 0.000000; 0.000000; 0.000000
48514296330476; ACC; 0.565887; -0.088089; 15.151398; 0.000000; 0.000000; 0.000000
48514302311921; GYRO; 0.000244; -0.265198; 0.196899; 0.000000; 0.000000; 0.000000
48514316411042; ACC; -0.015900; 0.646927; 10.310318; 0.000000; 0.000000; 0.000000
48514322392488; GYRO; 0.402924; 0.256790; 0.191574; 0.000000; 0.000000; 0.000000
48514336491609; ACC; -0.415726; 1.192810; 7.025482; 0.000000; 0.000000; 0.000000
48514342473054; GYRO; 0.234604; 0.437881; 0.159607; 0.000000; 0.000000; 0.000000
48514356572175; ACC; -0.643173; 1.125778; 7.178711; 0.000000; 0.000000; 0.000000
48514362553621; GYRO; -0.202148; 0.323898; 0.105286; 0.000000; 0.000000; 0.000000
48514376652742; ACC; -0.961609; 0.888748; 8.404541; 0.000000; 0.000000; 0.000000
48514382634187; GYRO; -0.364075; 0.109787; 0.075455; 0.000000; 0.000000; 0.000000
48514396733308; ACC; -0.992737; 0.658905; 8.394958; 0.000000; 0.000000; 0.000000
48514402714753; GYRO; -0.193634; -0.110733; 0.106354; 0.000000; 0.000000; 0.000000
48514416813874; ACC; -0.944855; 0.745102; 7.633606; 0.000000; 0.000000; 0.000000
48514422795320; GYRO; -0.035965; -0.302475; 0.158539; 0.000000; 0.000000; 0.000000
48514436924958; ACC; -0.564163; 0.895935; 7.662338; 0.000000; 0.000000; 0.000000
48514442906404; GYRO; -0.086044; -0.433502; 0.202225; 0.000000; 0.000000; 0.000000
48514457005525; ACC; -0.011108; 0.960571; 8.823517; 0.000000; 0.000000; 0.000000
48514462986970; GYRO; -0.221329; -0.420715; 0.179855; 0.000000; 0.000000; 0.000000
48514477086091; ACC; -0.272079; 0.651718; 9.972733; 0.000000; 0.000000; 0.000000
48514483067537; GYRO; -0.210678; -0.227905; 0.110611; 0.000000; 0.000000; 0.000000
48514497166658; ACC; -0.722183; 0.275833; 9.783600; 0.000000; 0.000000; 0.000000
48514503148103; GYRO; -0.000824; 0.067169; 0.158539; 0.000000; 0.000000; 0.000000
48514517247224; ACC; -0.612061; 0.666092; 8.282425; 0.000000; 0.000000; 0.000000
48514523228669; GYRO; 0.248459; 0.262115; 0.307678; 0.000000; 0.000000; 0.000000
48514537327790; ACC; 0.089447; 1.300552; 7.226593; 0.000000; 0.000000; 0.000000
48514543309236; GYRO; 0.343262; 0.257858; 0.390778; 0.000000; 0.000000; 0.000000
48514557408357; ACC; 0.443787; 1.836853; 7.006317; 0.000000; 0.000000; 0.000000
48514563389802; GYRO; 0.300644; 0.220566; 0.308746; 0.000000; 0.000000; 0.000000
48514577488923; ACC; -0.123642; 1.721924; 7.006317; 0.000000; 0.000000; 0.000000
48514583470369; GYRO; 0.219696; 0.204590; 0.140442; 0.000000; 0.000000; 0.000000
48514597569490; ACC; -0.729370; 1.286179; 7.659943; 0.000000; 0.000000; 0.000000
48514603550935; GYRO; 0.111038; 0.147064; 0.075455; 0.000000; 0.000000; 0.000000
48514617650056; ACC; -0.849075; 1.199997; 9.165894; 0.000000; 0.000000; 0.000000
48514623631501; GYRO; 0.046051; 0.056519; 0.132980; 0.000000; 0.000000; 0.000000
48514637761140; ACC; -0.501923; 1.422653; 10.073288; 0.000000; 0.000000; 0.000000
48514643742585; GYRO; 0.111038; -0.058533; 0.201157; 0.000000; 0.000000; 0.000000
48514657841707; ACC; -0.121246; 1.623764; 10.525803; 0.000000; 0.000000; 0.000000
48514663823152; GYRO; 0.155777; -0.236435; 0.187302; 0.000000; 0.000000; 0.000000
48514677922273; ACC; -0.248138; 1.396317; 12.065277; 0.000000; 0.000000; 0.000000
48514683903718; GYRO; 0.051376; -0.365326; 0.114868; 0.000000; 0.000000; 0.000000
48514698002839; ACC; -0.228989; 0.694824; 13.245605; 0.000000; 0.000000; 0.000000
48514703984285; GYRO; -0.031708; -0.272644; 0.122330; 0.000000; 0.000000; 0.000000
48514718083406; ACC; 0.017624; 0.558350; 12.852966; 0.000000; 0.000000; 0.000000
48514724064851; GYRO; -0.062607; -0.197021; 0.202225; 0.000000; 0.000000; 0.000000
48514738194490; ACC; 0.867569; 0.436249; 13.583191; 0.000000; 0.000000; 0.000000
48514744175935; GYRO; -0.144623; -0.483566; 0.254425; 0.000000; 0.000000; 0.000000
48514758275056; ACC; 1.633713; 0.795380; 14.162598; 0.000000; 0.000000; 0.000000
48514764256501; GYRO; -0.170197; -0.647629; 0.189438; 0.000000; 0.000000; 0.000000
48514778355623; ACC; 1.853973; 1.046768; 12.862534; 0.000000; 0.000000; 0.000000
48514784337068; GYRO; -0.224518; -0.574127; -0.018295; 0.000000; 0.000000; 0.000000
48514798436189; ACC; 1.652863; 0.505676; 12.697342; 0.000000; 0.000000; 0.000000
48514804417634; GYRO; -0.482315; -0.584778; -0.264359; 0.000000; 0.000000; 0.000000
48514818516755; ACC; 1.444565; -0.236526; 14.789871; 0.000000; 0.000000; 0.000000
48514824498201; GYRO; -0.659149; -0.570923; -0.417770; 0.000000; 0.000000; 0.000000
48514838627839; ACC; 0.767014; -0.605240; 14.619888; 0.000000; 0.000000; 0.000000
48514844609285; GYRO; -0.420532; -0.169327; -0.457184; 0.000000; 0.000000; 0.000000
48514858708406; ACC; 0.328873; -0.207794; 10.863388; 0.000000; 0.000000; 0.000000
48514864689851; GYRO; -0.064728; 0.408051; -0.373016; 0.000000; 0.000000; 0.000000
48514878788972; ACC; 0.393509; 0.390747; 7.624023; 0.000000; 0.000000; 0.000000
48514884770417; GYRO; -0.025314; 0.625366; -0.285675; 0.000000; 0.000000; 0.000000
48514898839021; ACC; 0.680817; 0.651718; 7.327148; 0.000000; 0.000000; 0.000000
48514904820466; GYRO; -0.220261; 0.385681; -0.267563; 0.000000; 0.000000; 0.000000
48514918919587; ACC; 0.704758; 0.589478; 9.141953; 0.000000; 0.000000; 0.000000
48514924901033; GYRO; -0.278854; 0.046936; -0.286743; 0.000000; 0.000000; 0.000000
48514939030671; ACC; 0.403091; 0.232742; 10.123581; 0.000000; 0.000000; 0.000000
48514945012117; GYRO; 0.027939; -0.105408; -0.257980; 0.000000; 0.000000; 0.000000
48514959111238; ACC; 0.436600; 0.345261; 8.730148; 0.000000; 0.000000; 0.000000
48514965092683; GYRO; 0.464706; -0.105408; -0.135468; 0.000000; 0.000000; 0.000000
48514979191804; ACC; 0.860382; 1.008453; 6.800415; 0.000000; 0.000000; 0.000000
48514985173249; GYRO; 0.615967; -0.116058; -0.043854; 0.000000; 0.000000; 0.000000
48514999272371; ACC; 1.245850; 1.516022; 6.374252; 0.000000; 0.000000; 0.000000
48515005253816; GYRO; 0.405045; -0.120316; -0.103516; 0.000000; 0.000000; 0.000000
48515019383455; ACC; 1.073471; 1.386734; 7.262497; 0.000000; 0.000000; 0.000000
48515025364900; GYRO; 0.113159; -0.015915; -0.264359; 0.000000; 0.000000; 0.000000
48515039433503; ACC; 0.175644; 0.864807; 7.978363; 0.000000; 0.000000; 0.000000
48515045414949; GYRO; 0.016220; 0.183289; -0.368759; 0.000000; 0.000000; 0.000000
48515059514070; ACC; -0.494736; 0.670868; 7.667130; 0.000000; 0.000000; 0.000000
48515065495515; GYRO; 0.121689; 0.336685; -0.297394; 0.000000; 0.000000; 0.000000
48515079594636; ACC; -0.250534; 1.032394; 6.946472; 0.000000; 0.000000; 0.000000
48515085576082; GYRO; 0.265503; 0.254654; -0.135468; 0.000000; 0.000000; 0.000000
48515099675203; ACC; 0.460556; 1.573486; 6.853088; 0.000000; 0.000000; 0.000000
48515105656648; GYRO; 0.286804; 0.045868; -0.055573; 0.000000; 0.000000; 0.000000
48515119755769; ACC; 0.640106; 1.760239; 7.499527; 0.000000; 0.000000; 0.000000
48515125737214; GYRO; 0.199448; -0.067047; -0.094986; 0.000000; 0.000000; 0.000000
48515139866853; ACC; 0.407883; 1.590256; 8.260880; 0.000000; 0.000000; 0.000000
48515145848298; GYRO; 0.111038; -0.026581; -0.123749; 0.000000; 0.000000; 0.000000
48515159947419; ACC; 0.419846; 1.501663; 8.892960; 0.000000; 0.000000; 0.000000
48515165928865; GYRO; 0.079071; 0.054382; -0.073685; 0.000000; 0.000000; 0.000000
48515180027986; ACC; 1.025574; 1.808121; 9.230530; 0.000000; 0.000000; 0.000000
48515186009431; GYRO; 0.115295; 0.074631; -0.025742; 0.000000; 0.000000; 0.000000
48515200108552; ACC; 1.169235; 1.978104; 8.919296; 0.000000; 0.000000; 0.000000
48515206089998; GYRO; 0.151520; 0.017105; -0.091797; 0.000000; 0.000000; 0.000000
48515220189119; ACC; 0.814896; 1.829666; 9.352646; 0.000000; 0.000000; 0.000000
48515226170564; GYRO; 0.027939; -0.043625; -0.186600; 0.000000; 0.000000; 0.000000
48515240269685; ACC; 0.606598; 1.494476; 10.753250; 0.000000; 0.000000; 0.000000
48515246251130; GYRO; -0.158478; -0.078766; -0.220688; 0.000000; 0.000000; 0.000000
48515260350251; ACC; 0.110992; 1.104233; 12.903244; 0.000000; 0.000000; 0.000000
48515266331697; GYRO; -0.268204; -0.061722; -0.189804; 0.000000; 0.000000; 0.000000
48515280461335; ACC; -0.233765; 0.814529; 15.046051; 0.000000; 0.000000; 0.000000
48515286442781; GYRO; -0.167007; 0.112976; -0.057709; 0.000000; 0.000000; 0.000000
48515300541902; ACC; 0.144516; 0.819321; 14.339767; 0.000000; 0.000000; 0.000000
48515306523347; GYRO; 0.163239; 0.359055; 0.106354; 0.000000; 0.000000; 0.000000
48515320652986; ACC; 0.477310; 1.353226; 12.381302; 0.000000; 0.000000; 0.000000
48515326634431; GYRO; 0.310242; 0.449600; 0.172394; 0.000000; 0.000000; 0.000000
48515340733552; ACC; 0.187607; 1.652496; 11.253632; 0.000000; 0.000000; 0.000000
48515346714998; GYRO; 0.140854; 0.406982; 0.105286; 0.000000; 0.000000; 0.000000
48515360814119; ACC; -0.152374; 1.281403; 11.430801; 0.000000; 0.000000; 0.000000
48515366795564; GYRO; -0.223465; 0.231216; 0.029648; 0.000000; 0.000000; 0.000000
48515380894685; ACC; -0.130814; 0.318924; 14.354126; 0.000000; 0.000000; 0.000000
48515386876130; GYRO; -0.534515; -0.022308; 0.039230; 0.000000; 0.000000; 0.000000
48515400975251; ACC; 0.139725; -0.167099; 16.156967; 0.000000; 0.000000; 0.000000
48515406956697; GYRO; -0.368332; 0.006454; 0.146820; 0.000000; 0.000000; 0.000000
48515421055818; ACC; 0.096634; 0.215973; 13.257584; 0.000000; 0.000000; 0.000000
48515427037263; GYRO; 0.117432; 0.333481; 0.242706; 0.000000; 0.000000; 0.000000
48515441136384; ACC; -0.152374; 0.927048; 9.383759; 0.000000; 0.000000; 0.000000
48515447117830; GYRO; 0.341125; 0.493271; 0.265076; 0.000000; 0.000000; 0.000000
48515461216951; ACC; -0.353485; 1.197601; 7.633606; 0.000000; 0.000000; 0.000000
48515467198396; GYRO; 0.240997; 0.365448; 0.216064; 0.000000; 0.000000; 0.000000
48515481297517; ACC; -0.528259; 1.216751; 7.260101; 0.000000; 0.000000; 0.000000
48515487278962; GYRO; 0.058838; 0.136414; 0.142563; 0.000000; 0.000000; 0.000000
48515501378083; ACC; -0.552200; 1.161682; 7.492340; 0.000000; 0.000000; 0.000000
48515507359529; GYRO; -0.069000; -0.092621; 0.066925; 0.000000; 0.000000; 0.000000
48515521458650; ACC; -0.619232; 0.802551; 7.547409; 0.000000; 0.000000; 0.000000
48515527440095; GYRO; -0.112671; -0.272644; 0.014740; 0.000000; 0.000000; 0.000000
48515541539216; ACC; -0.442062; 0.725937; 7.978363; 0.000000; 0.000000; 0.000000
48515547520662; GYRO; -0.170197; -0.371719; -0.000183; 0.000000; 0.000000; 0.000000
48515561619783; ACC; -0.573746; 0.539200; 8.536224; 0.000000; 0.000000; 0.000000
48515567601228; GYRO; -0.197891; -0.322723; -0.023621; 0.000000; 0.000000; 0.000000
48515581700349; ACC; -0.640778; 0.268646; 8.778030; 0.000000; 0.000000; 0.000000
48515587681794; GYRO; -0.146759; -0.152283; 0.010468; 0.000000; 0.000000; 0.000000
48515601811433; ACC; -0.647964; 0.376389; 8.059769; 0.000000; 0.000000; 0.000000
48515607792878; GYRO; -0.022125; 0.032013; 0.093567; 0.000000; 0.000000; 0.000000
48515621891999; ACC; -0.590500; 0.769043; 7.674301; 0.000000; 0.000000; 0.000000
48515627873445; GYRO; 0.048187; 0.078888; 0.180908; 0.000000; 0.000000; 0.000000
48515642003083; ACC; -0.121246; 1.037186; 7.815567; 0.000000; 0.000000; 0.000000
48515647984529; GYRO; 0.076950; 0.128952; 0.230988; 0.000000; 0.000000; 0.000000
48515662083650; ACC; -0.130814; 1.228729; 7.365448; 0.000000; 0.000000; 0.000000
48515668065095; GYRO; 0.103577; 0.238678; 0.200089; 0.000000; 0.000000; 0.000000
48515682164216; ACC; -0.456436; 1.259842; 7.032654; 0.000000; 0.000000; 0.000000
48515688145662; GYRO; 0.071625; 0.302597; 0.169189; 0.000000; 0.000000; 0.000000
48515702244783; ACC; -0.722183; 1.226334; 7.272079; 0.000000; 0.000000; 0.000000
48515708226228; GYRO; 0.034332; 0.253586; 0.185181; 0.000000; 0.000000; 0.000000
48515722325349; ACC; -0.671906; 1.329285; 7.817963; 0.000000; 0.000000; 0.000000
48515728306794; GYRO; 0.030075; 0.095932; 0.223526; 0.000000; 0.000000; 0.000000
48515742405915; ACC; -0.451645; 1.578278; 8.995911; 0.000000; 0.000000; 0.000000
48515748387361; GYRO; 0.007706; -0.102203; 0.239502; 0.000000; 0.000000; 0.000000
48515762486482; ACC; -0.322357; 1.688416; 10.789154; 0.000000; 0.000000; 0.000000
48515768467927; GYRO; -0.024261; -0.182098; 0.216064; 0.000000; 0.000000; 0.000000
48515782567048; ACC; -0.784439; 1.463348; 11.586426; 0.000000; 0.000000; 0.000000
48515788548494; GYRO; 0.004501; -0.105408; 0.192627; 0.000000; 0.000000; 0.000000
48515802647615; ACC; -0.825134; 1.235901; 11.603195; 0.000000; 0.000000; 0.000000
48515808629060; GYRO; 0.003448; -0.044678; 0.271469; 0.000000; 0.000000; 0.000000
48515822728181; ACC; -0.219406; 1.429840; 12.563263; 0.000000; 0.000000; 0.000000
48515828709626; GYRO; -0.057281; -0.126709; 0.369461; 0.000000; 0.000000; 0.000000
48515842808748; ACC; 0.199585; 1.384354; 13.010986; 0.000000; 0.000000; 0.000000
48515848790193; GYRO; -0.023193; -0.234299; 0.362015; 0.000000; 0.000000; 0.000000
48515862919832; ACC; 0.494064; 1.178452; 12.632690; 0.000000; 0.000000; 0.000000
48515868901277; GYRO; 0.019424; -0.385574; 0.311935; 0.000000; 0.000000; 0.000000
48515883000398; ACC; 1.006424; 1.228729; 12.788315; 0.000000; 0.000000; 0.000000
48515888981843; GYRO; -0.035965; -0.577316; 0.257614; 0.000000; 0.000000; 0.000000
48515903080964; ACC; 1.602585; 1.580673; 12.299896; 0.000000; 0.000000; 0.000000
48515909062410; GYRO; -0.168060; -0.578384; 0.135101; 0.000000; 0.000000; 0.000000
48515923161531; ACC; 2.074234; 1.506454; 11.754028; 0.000000; 0.000000; 0.000000
48515929142976; GYRO; -0.463150; -0.557083; -0.090729; 0.000000; 0.000000; 0.000000
48515943242097; ACC; 2.354355; 0.694824; 14.263153; 0.000000; 0.000000; 0.000000
48515949223542; GYRO; -0.794434; -0.807419; -0.360245; 0.000000; 0.000000; 0.000000
48515963322664; ACC; 1.930588; -0.368210; 17.691650; 0.000000; 0.000000; 0.000000
48515969304109; GYRO; -0.658081; -0.956543; -0.547729; 0.000000; 0.000000; 0.000000
48515983403230; ACC; 1.085434; -0.571716; 16.401169; 0.000000; 0.000000; 0.000000
48515989384675; GYRO; 0.008774; -0.510208; -0.570099; 0.000000; 0.000000; 0.000000
48516003514314; ACC; 0.539551; 0.127396; 10.820282; 0.000000; 0.000000; 0.000000
48516009495759; GYRO; 0.545654; 0.087402; -0.468903; 0.000000; 0.000000; 0.000000
48516023594880; ACC; 0.618561; 0.795380; 7.142792; 0.000000; 0.000000; 0.000000
48516029576326; GYRO; 0.454056; 0.266373; -0.371964; 0.000000; 0.000000; 0.000000
48516043675447; ACC; 1.039948; 0.898331; 7.827530; 0.000000; 0.000000; 0.000000
48516049656892; GYRO; 0.034332; 0.094864; -0.336807; 0.000000; 0.000000; 0.000000
48516063756013; ACC; 1.351196; 0.749878; 10.102020; 0.000000; 0.000000; 0.000000
48516069737458; GYRO; -0.062607; -0.040421; -0.358109; 0.000000; 0.000000; 0.000000
48516083836580; ACC; 1.092621; 0.453003; 9.553757; 0.000000; 0.000000; 0.000000
48516089818025; GYRO; 0.293198; 0.029892; -0.377289; 0.000000; 0.000000; 0.000000
48516103917146; ACC; 0.769394; 0.706787; 7.116455; 0.000000; 0.000000; 0.000000
48516109898591; GYRO; 0.581879; 0.212051; -0.320831; 0.000000; 0.000000; 0.000000
48516123997712; ACC; 0.980087; 1.211960; 5.055054; 0.000000; 0.000000; 0.000000
48516129979158; GYRO; 0.531815; 0.271698; -0.265427; 0.000000; 0.000000; 0.000000
48516144078279; ACC; 1.432602; 1.544754; 5.280106; 0.000000; 0.000000; 0.000000
48516150059724; GYRO; 0.213303; 0.135345; -0.316559; 0.000000; 0.000000; 0.000000
48516164158845; ACC; 1.145294; 1.211960; 7.044632; 0.000000; 0.000000; 0.000000
48516170140290; GYRO; -0.029587; 0.027756; -0.460373; 0.000000; 0.000000; 0.000000
48516184269929; ACC; -0.027863; 0.611023; 8.054977; 0.000000; 0.000000; 0.000000
48516190251374; GYRO; 0.040726; 0.046936; -0.516830; 0.000000; 0.000000; 0.000000
48516204350496; ACC; -0.676697; 0.426666; 7.559387; 0.000000; 0.000000; 0.000000
48516210331941; GYRO; 0.299591; 0.126831; -0.347458; 0.000000; 0.000000; 0.000000
48516224431062; ACC; -0.037445; 1.221542; 6.094131; 0.000000; 0.000000; 0.000000
48516230412507; GYRO; 0.450851; 0.081024; -0.116287; 0.000000; 0.000000; 0.000000
48516244511628; ACC; 0.987274; 1.911072; 6.201874; 0.000000; 0.000000; 0.000000
48516250493074; GYRO; 0.301712; -0.069183; -0.076874; 0.000000; 0.000000; 0.000000
48516264592195; ACC; 0.944183; 1.851212; 7.705429; 0.000000; 0.000000; 0.000000
48516270573640; GYRO; 0.056702; -0.064926; -0.222824; 0.000000; 0.000000; 0.000000
48516284672761; ACC; -0.042236; 1.317307; 8.837891; 0.000000; 0.000000; 0.000000
48516290654207; GYRO; -0.015732; 0.118301; -0.291000; 0.000000; 0.000000; 0.000000
48516304753328; ACC; -0.023087; 1.403503; 8.574524; 0.000000; 0.000000; 0.000000
48516310734773; GYRO; 0.064163; 0.223770; -0.154648; 0.000000; 0.000000; 0.000000
48516324833894; ACC; 0.699966; 1.939804; 8.459610; 0.000000; 0.000000; 0.000000
48516330815339; GYRO; 0.054581; 0.105515; -0.036392; 0.000000; 0.000000; 0.000000
48516344944978; ACC; 1.190781; 2.169647; 9.285599; 0.000000; 0.000000; 0.000000
48516350926423; GYRO; -0.081772; -0.070251; -0.066223; 0.000000; 0.000000; 0.000000
48516365025544; ACC; 1.023193; 1.798538; 10.808319; 0.000000; 0.000000; 0.000000
48516371006990; GYRO; -0.184052; -0.151215; -0.158905; 0.000000; 0.000000; 0.000000
48516385106111; ACC; 0.573074; 1.393921; 12.070053; 0.000000; 0.000000; 0.000000
48516391087556; GYRO; -0.184052; -0.095810; -0.172760; 0.000000; 0.000000; 0.000000
48516405186677; ACC; 0.573074; 1.329285; 13.058868; 0.000000; 0.000000; 0.000000
48516411168123; GYRO; -0.147827; 0.058640; -0.092865; 0.000000; 0.000000; 0.000000
48516425267244; ACC; 0.611389; 1.365189; 13.279129; 0.000000; 0.000000; 0.000000
48516431248689; GYRO; -0.102020; 0.323898; -0.017227; 0.000000; 0.000000; 0.000000
48516445347810; ACC; 0.192398; 1.475327; 12.529739; 0.000000; 0.000000; 0.000000
48516451329255; GYRO; -0.081772; 0.522034; 0.028580; 0.000000; 0.000000; 0.000000
48516465428376; ACC; 0.206757; 1.532791; 12.572845; 0.000000; 0.000000; 0.000000
48516471409822; GYRO; -0.142502; 0.480484; 0.083969; 0.000000; 0.000000; 0.000000
48516485539460; ACC; -0.092514; 1.396317; 12.788315; 0.000000; 0.000000; 0.000000
48516491520906; GYRO; -0.191498; 0.362244; 0.083969; 0.000000; 0.000000; 0.000000
48516505620027; ACC; -0.240952; 0.771439; 12.809860; 0.000000; 0.000000; 0.000000
48516511601472; GYRO; -0.226654; 0.173691; 0.124451; 0.000000; 0.000000; 0.000000
48516525700593; ACC; 0.388718; 0.373993; 13.810638; 0.000000; 0.000000; 0.000000
48516531682039; GYRO; -0.316132; -0.047882; 0.229919; 0.000000; 0.000000; 0.000000
48516545781160; ACC; 0.893906; 0.153732; 15.010132; 0.000000; 0.000000; 0.000000
48516551762605; GYRO; -0.261810; -0.047882; 0.290634; 0.000000; 0.000000; 0.000000
48516565861726; ACC; 0.180420; 0.441025; 12.357361; 0.000000; 0.000000; 0.000000
48516571843171; GYRO; 0.062027; 0.248260; 0.290634; 0.000000; 0.000000; 0.000000
48516585942292; ACC; -0.001526; 1.029999; 8.722961; 0.000000; 0.000000; 0.000000
48516591923738; GYRO; 0.239929; 0.324966; 0.289566; 0.000000; 0.000000; 0.000000
48516606022859; ACC; 0.055923; 1.147324; 7.820358; 0.000000; 0.000000; 0.000000
48516612004304; GYRO; 0.097183; 0.079956; 0.202225; 0.000000; 0.000000; 0.000000
48516626103425; ACC; -0.331940; 0.905502; 8.157928; 0.000000; 0.000000; 0.000000
48516632084871; GYRO; -0.109482; -0.065994; 0.107407; 0.000000; 0.000000; 0.000000
48516646183992; ACC; -0.351089; 0.716370; 8.201035; 0.000000; 0.000000; 0.000000
48516652165437; GYRO; -0.193634; -0.099014; 0.075455; 0.000000; 0.000000; 0.000000
48516666264558; ACC; -0.456436; 0.615814; 7.715012; 0.000000; 0.000000; 0.000000
48516672246003; GYRO; -0.184052; -0.111801; 0.059479; 0.000000; 0.000000; 0.000000
48516686375642; ACC; -0.619232; 0.543976; 7.475586; 0.000000; 0.000000; 0.000000
48516692357087; GYRO; -0.207474; -0.136292; 0.085037; 0.000000; 0.000000; 0.000000
48516706456208; ACC; -0.671906; 0.517639; 8.347076; 0.000000; 0.000000; 0.000000
48516712437654; GYRO; -0.236237; -0.177841; 0.151093; 0.000000; 0.000000; 0.000000
48516726536775; ACC; -0.360657; 0.742706; 8.919296; 0.000000; 0.000000; 0.000000
48516732518220; GYRO; -0.131851; -0.137360; 0.225662; 0.000000; 0.000000; 0.000000
48516746617341; ACC; 0.024811; 0.991699; 8.550583; 0.000000; 0.000000; 0.000000
48516752598787; GYRO; 0.056702; -0.038300; 0.248032; 0.000000; 0.000000; 0.000000
48516766728425; ACC; 0.087051; 1.125778; 7.837112; 0.000000; 0.000000; 0.000000
48516772709871; GYRO; 0.148315; 0.069305; 0.212875; 0.000000; 0.000000; 0.000000
48516786808992; ACC; -0.238556; 1.094650; 7.870636; 0.000000; 0.000000; 0.000000
48516792790437; GYRO; 0.113159; 0.141739; 0.174530; 0.000000; 0.000000; 0.000000
48516806889558; ACC; -0.549805; 1.001282; 8.198639; 0.000000; 0.000000; 0.000000
48516812871003; GYRO; 0.102509; 0.206726; 0.194763; 0.000000; 0.000000; 0.000000
48516826970124; ACC; -0.817963; 0.986908; 8.169907; 0.000000; 0.000000; 0.000000
48516832951570; GYRO; 0.193054; 0.232285; 0.271469; 0.000000; 0.000000; 0.000000
48516847081208; ACC; -0.343903; 1.405899; 7.396576; 0.000000; 0.000000; 0.000000
48516853062654; GYRO; 0.319824; 0.147064; 0.356689; 0.000000; 0.000000; 0.000000
48516867161775; ACC; 0.496460; 1.875153; 7.262497; 0.000000; 0.000000; 0.000000
48516873143220; GYRO; 0.272949; -0.035095; 0.315140; 0.000000; 0.000000; 0.000000
48516887242341; ACC; 0.453369; 1.796143; 8.758881; 0.000000; 0.000000; 0.000000
48516893223787; GYRO; 0.050308; -0.084091; 0.154282; 0.000000; 0.000000; 0.000000
48516907322908; ACC; -0.274475; 1.348434; 9.697403; 0.000000; 0.000000; 0.000000
48516913304353; GYRO; -0.099884; 0.111908; 0.050949; 0.000000; 0.000000; 0.000000
48516927403474; ACC; -0.712616; 1.104233; 9.999069; 0.000000; 0.000000; 0.000000
48516933384919; GYRO; -0.143570; 0.225891; 0.105286; 0.000000; 0.000000; 0.000000
48516947484040; ACC; -0.126038; 1.281403; 11.208145; 0.000000; 0.000000; 0.000000
48516953465486; GYRO; -0.087112; 0.119370; 0.206482; 0.000000; 0.000000; 0.000000
48516967564607; ACC; -0.061386; 1.456177; 11.026184; 0.000000; 0.000000; 0.000000
48516973546052; GYRO; 0.097183; 0.016037; 0.190506; 0.000000; 0.000000; 0.000000
48516987645173; ACC; -0.489944; 1.317307; 10.449188; 0.000000; 0.000000; 0.000000
48516993626619; GYRO; 0.131271; -0.070251; 0.173462; 0.000000; 0.000000; 0.000000
48517007725740; ACC; -0.454041; 1.252670; 11.208145; 0.000000; 0.000000; 0.000000
48517013707185; GYRO; -0.035965; -0.148010; 0.240570; 0.000000; 0.000000; 0.000000
48517027806306; ACC; 0.283371; 1.317307; 12.026962; 0.000000; 0.000000; 0.000000
48517033787751; GYRO; -0.154221; -0.226837; 0.308746; 0.000000; 0.000000; 0.000000
48517047886873; ACC; 1.212326; 1.456177; 12.237656; 0.000000; 0.000000; 0.000000
48517053868318; GYRO; -0.192566; -0.379181; 0.278915; 0.000000; 0.000000; 0.000000
48517067997957; ACC; 1.729477; 1.597427; 12.343002; 0.000000; 0.000000; 0.000000
48517073979402; GYRO; -0.279922; -0.549622; 0.115936; 0.000000; 0.000000; 0.000000
48517088078523; ACC; 1.856369; 1.307739; 12.673401; 0.000000; 0.000000; 0.000000
48517094059968; GYRO; -0.443970; -0.661469; -0.115234; 0.000000; 0.000000; 0.000000
48517108159089; ACC; 2.021561; 0.701996; 13.039719; 0.000000; 0.000000; 0.000000
48517114140535; GYRO; -0.653824; -0.676392; -0.333603; 0.000000; 0.000000; 0.000000
48517128239656; ACC; 2.428589; 0.160904; 14.749176; 0.000000; 0.000000; 0.000000
48517134221101; GYRO; -0.815750; -0.826584; -0.483810; 0.000000; 0.000000; 0.000000
48517148320222; ACC; 2.474075; -0.502289; 17.083511; 0.000000; 0.000000; 0.000000
48517154301667; GYRO; -0.728394; -0.712601; -0.629745; 0.000000; 0.000000; 0.000000
48517168400789; ACC; 2.045517; -0.468765; 14.969437; 0.000000; 0.000000; 0.000000
48517174382234; GYRO; -0.276718; -0.073441; -0.724564; 0.000000; 0.000000; 0.000000
48517188481355; ACC; 1.813278; -0.001892; 10.365387; 0.000000; 0.000000; 0.000000
48517194462800; GYRO; 0.064163; 0.489014; -0.793808; 0.000000; 0.000000; 0.000000
48517208561921; ACC; 1.485260; 0.127396; 7.274475; 0.000000; 0.000000; 0.000000
48517214543367; GYRO; -0.034912; 0.614716; -0.855591; 0.000000; 0.000000; 0.000000
48517228642488; ACC; 1.382309; 0.220764; 7.597687; 0.000000; 0.000000; 0.000000
48517234623933; GYRO; -0.393906; 0.434692; -0.852386; 0.000000; 0.000000; 0.000000
48517248723054; ACC; 1.396683; 0.115417; 9.278427; 0.000000; 0.000000; 0.000000
48517254704499; GYRO; -0.486572; 0.130020; -0.837479; 0.000000; 0.000000; 0.000000
48517268803621; ACC; 1.264999; -0.052170; 9.996674; 0.000000; 0.000000; 0.000000
48517274785066; GYRO; -0.236237; -0.076645; -0.810852; 0.000000; 0.000000; 0.000000
48517288884187; ACC; 1.032761; 0.259079; 9.371796; 0.000000; 0.000000; 0.000000
48517294865632; GYRO; 0.033264; -0.045746; -0.722427; 0.000000; 0.000000; 0.000000
48517308964753; ACC; 1.083038; 0.814529; 8.198639; 0.000000; 0.000000; 0.000000
48517314946199; GYRO; 0.140854; 0.092728; -0.637207; 0.000000; 0.000000; 0.000000
48517329045320; ACC; 1.011215; 1.132950; 7.123642; 0.000000; 0.000000; 0.000000
48517335026765; GYRO; 0.133408; 0.156647; -0.626556; 0.000000; 0.000000; 0.000000
48517349156404; ACC; 0.984879; 1.199997; 6.891403; 0.000000; 0.000000; 0.000000
48517355137849; GYRO; 0.057770; 0.076752; -0.654251; 0.000000; 0.000000; 0.000000
48517369236970; ACC; 0.714340; 1.032394; 7.829926; 0.000000; 0.000000; 0.000000
48517375218415; GYRO; -0.007217; 0.000061; -0.703247; 0.000000; 0.000000; 0.000000
48517389348054; ACC; 0.027191; 0.680450; 8.785217; 0.000000; 0.000000; 0.000000
48517395329499; GYRO; 0.113159; -0.009537; -0.702194; 0.000000; 0.000000; 0.000000
48517409398103; ACC; -0.279266; 0.663696; 8.110046; 0.000000; 0.000000; 0.000000
48517415379548; GYRO; 0.366699; 0.068237; -0.586075; 0.000000; 0.000000; 0.000000
48517429509187; ACC; -0.063782; 1.144928; 6.505936; 0.000000; 0.000000; 0.000000
48517435490632; GYRO; 0.473221; 0.093796; -0.457184; 0.000000; 0.000000; 0.000000
48517449589753; ACC; 0.434219; 1.575882; 6.707047; 0.000000; 0.000000; 0.000000
48517455571199; GYRO; 0.336868; -0.040421; -0.425217; 0.000000; 0.000000; 0.000000
48517469670320; ACC; 0.362381; 1.530396; 8.284821; 0.000000; 0.000000; 0.000000
48517475651765; GYRO; 0.218628; -0.101151; -0.497665; 0.000000; 0.000000; 0.000000
48517489750886; ACC; -0.248138; 1.128174; 9.340668; 0.000000; 0.000000; 0.000000
48517495732332; GYRO; 0.285736; 0.040543; -0.525360; 0.000000; 0.000000; 0.000000
48517509831453; ACC; -0.540222; 1.168869; 8.268066; 0.000000; 0.000000; 0.000000
48517515812898; GYRO; 0.443390; 0.206726; -0.397522; 0.000000; 0.000000; 0.000000
48517529942537; ACC; -0.023087; 1.688416; 7.703033; 0.000000; 0.000000; 0.000000
48517535923982; GYRO; 0.424225; 0.144928; -0.201508; 0.000000; 0.000000; 0.000000
48517550023103; ACC; 1.051910; 2.361176; 8.177094; 0.000000; 0.000000; 0.000000
48517556004548; GYRO; 0.311310; -0.058533; -0.143997; 0.000000; 0.000000; 0.000000
48517570103669; ACC; 1.279358; 2.404282; 9.280807; 0.000000; 0.000000; 0.000000
48517576085115; GYRO; 0.165359; -0.321655; -0.302719; 0.000000; 0.000000; 0.000000
48517590184236; ACC; 0.800522; 1.705170; 11.509811; 0.000000; 0.000000; 0.000000
48517596165681; GYRO; -0.038101; -0.379181; -0.455048; 0.000000; 0.000000; 0.000000
48517610264802; ACC; -0.066177; 1.152115; 12.860153; 0.000000; 0.000000; 0.000000
48517616246248; GYRO; -0.110535; -0.089432; -0.441193; 0.000000; 0.000000; 0.000000
48517630345369; ACC; -0.003922; 1.219147; 12.503403; 0.000000; 0.000000; 0.000000
48517636326814; GYRO; -0.042358; 0.233353; -0.282471; 0.000000; 0.000000; 0.000000
48517650425935; ACC; 0.642502; 1.618973; 12.161041; 0.000000; 0.000000; 0.000000
48517656407380; GYRO; -0.043427; 0.288742; -0.184464; 0.000000; 0.000000; 0.000000
48517670506501; ACC; 0.508438; 1.381958; 13.777130; 0.000000; 0.000000; 0.000000
48517676487947; GYRO; -0.157410; 0.245071; -0.202576; 0.000000; 0.000000; 0.000000
48517690587068; ACC; 0.316895; 0.915085; 14.504959; 0.000000; 0.000000; 0.000000
48517696568513; GYRO; -0.111603; 0.420837; -0.159973; 0.000000; 0.000000; 0.000000
48517710667634; ACC; 0.398300; 1.051559; 12.745224; 0.000000; 0.000000; 0.000000
48517716649080; GYRO; -0.010406; 0.632828; -0.071548; 0.000000; 0.000000; 0.000000
48517730778718; ACC; 0.580261; 1.022827; 11.967102; 0.000000; 0.000000; 0.000000
48517736760164; GYRO; -0.109482; 0.547607; -0.038528; 0.000000; 0.000000; 0.000000
48517750859285; ACC; 0.343231; 0.711578; 12.517776; 0.000000; 0.000000; 0.000000
48517756840730; GYRO; -0.236237; 0.256790; -0.043854; 0.000000; 0.000000; 0.000000
48517770939851; ACC; 0.297745; 0.266251; 13.425171; 0.000000; 0.000000; 0.000000
48517776921296; GYRO; -0.236237; -0.018051; -0.007629; 0.000000; 0.000000; 0.000000
48517791020417; ACC; 0.252258; 0.098663; 13.937531; 0.000000; 0.000000; 0.000000
48517797001863; GYRO; -0.049820; -0.079834; 0.054153; 0.000000; 0.000000; 0.000000
48517811100984; ACC; -0.051804; 0.211182; 12.187378; 0.000000; 0.000000; 0.000000
48517817082429; GYRO; 0.269760; 0.150253; 0.090363; 0.000000; 0.000000; 0.000000
48517831181550; ACC; -0.389389; 0.567917; 9.450806; 0.000000; 0.000000; 0.000000
48517837162996; GYRO; 0.410370; 0.356918; 0.108475; 0.000000; 0.000000; 0.000000
48517851262117; ACC; -0.446854; 0.582291; 8.198639; 0.000000; 0.000000; 0.000000
48517857243562; GYRO; 0.321960; 0.306854; 0.096756; 0.000000; 0.000000; 0.000000
48517871373201; ACC; -0.647964; 0.381180; 8.141174; 0.000000; 0.000000; 0.000000
48517877354646; GYRO; 0.217560; 0.094864; 0.075455; 0.000000; 0.000000; 0.000000
48517891453767; ACC; -0.669510; 0.218369; 8.315948; 0.000000; 0.000000; 0.000000
48517897435212; GYRO; 0.247391; -0.168259; 0.089310; 0.000000; 0.000000; 0.000000
48517911534333; ACC; -0.418121; 0.280624; 8.193848; 0.000000; 0.000000; 0.000000
48517917515779; GYRO; 0.350723; -0.326981; 0.117004; 0.000000; 0.000000; 0.000000
48517931614900; ACC; 0.058319; 0.481735; 7.734161; 0.000000; 0.000000; 0.000000
48517937596345; GYRO; 0.366699; -0.289688; 0.124451; 0.000000; 0.000000; 0.000000
48517951695466; ACC; 0.168457; 0.848053; 7.588120; 0.000000; 0.000000; 0.000000
48517957676912; GYRO; 0.216492; -0.133102; 0.061600; 0.000000; 0.000000; 0.000000
48517971776033; ACC; -0.025467; 0.852829; 8.227371; 0.000000; 0.000000; 0.000000
48517977757478; GYRO; 0.030075; 0.035217; -0.023621; 0.000000; 0.000000; 0.000000
48517991856599; ACC; -0.492340; 0.661301; 8.631989; 0.000000; 0.000000; 0.000000
48517997838044; GYRO; 0.018356; 0.164108; -0.053436; 0.000000; 0.000000; 0.000000
48518011937165; ACC; -0.726974; 0.618210; 8.145966; 0.000000; 0.000000; 0.000000
48518017918611; GYRO; 0.183472; 0.144928; 0.024323; 0.000000; 0.000000; 0.000000
48518032017732; ACC; -0.401367; 0.924667; 7.968796; 0.000000; 0.000000; 0.000000
48518037999177; GYRO; 0.327286; -0.027634; 0.135101; 0.000000; 0.000000; 0.000000
48518052128816; ACC; 0.118179; 1.417862; 7.995132; 0.000000; 0.000000; 0.000000
48518058110261; GYRO; 0.368835; -0.096878; 0.163864; 0.000000; 0.000000; 0.000000
48518072209382; ACC; 0.309708; 1.793762; 7.882599; 0.000000; 0.000000; 0.000000
48518078190828; GYRO; 0.330475; 0.033081; 0.095688; 0.000000; 0.000000; 0.000000
48518092289949; ACC; -0.238556; 1.760239; 7.729370; 0.000000; 0.000000; 0.000000
48518098271394; GYRO; 0.272949; 0.213104; -0.001251; 0.000000; 0.000000; 0.000000
48518112370515; ACC; -0.595291; 1.681229; 7.590515; 0.000000; 0.000000; 0.000000
48518118351960; GYRO; 0.246323; 0.249329; -0.007629; 0.000000; 0.000000; 0.000000
48518132451082; ACC; -0.494736; 1.877548; 7.770081; 0.000000; 0.000000; 0.000000
48518138432527; GYRO; 0.220749; 0.133209; 0.017929; 0.000000; 0.000000; 0.000000
48518152531648; ACC; -0.386993; 2.021210; 8.277649; 0.000000; 0.000000; 0.000000
48518158513093; GYRO; 0.218628; -0.019119; 0.005142; 0.000000; 0.000000; 0.000000
48518172612214; ACC; -0.284042; 2.167252; 8.119629; 0.000000; 0.000000; 0.000000
48518178593660; GYRO; 0.245255; -0.114990; -0.037460; 0.000000; 0.000000; 0.000000
48518192692781; ACC; -0.408554; 2.140915; 7.944855; 0.000000; 0.000000; 0.000000
48518198674226; GYRO; 0.180283; -0.195953; -0.099243; 0.000000; 0.000000; 0.000000
48518212773347; ACC; -0.482773; 1.963745; 8.579315; 0.000000; 0.000000; 0.000000
48518218754792; GYRO; 0.038589; -0.307800; -0.115234; 0.000000; 0.000000; 0.000000
48518232884431; ACC; -0.307983; 1.784180; 9.457993; 0.000000; 0.000000; 0.000000
48518238865876; GYRO; -0.055145; -0.412201; -0.100311; 0.000000; 0.000000; 0.000000
48518252964998; ACC; 0.072693; 1.839249; 9.745285; 0.000000; 0.000000; 0.000000
48518258946443; GYRO; -0.083908; -0.335495; -0.071548; 0.000000; 0.000000; 0.000000
48518273045564; ACC; 0.273804; 2.227112; 8.948013; 0.000000; 0.000000; 0.000000
48518279027009; GYRO; -0.116928; -0.104340; -0.064102; 0.000000; 0.000000; 0.000000
