2188441585474658; ACC; -0.337266; 2.971884; 8.842505; 0.000000; 0.000000; 0.000000
2188441586325658; GYRO; 0.006510; 0.091351; -0.034715; 0.000000; 0.000000; 0.000000
2188441605326221; ACC; -0.534309; 2.983922; 8.807942; 0.000000; 0.000000; 0.000000
2188441606177221; GYRO; 0.034086; 0.095155; -0.067597; 0.000000; 0.000000; 0.000000
2188441625179346; ACC; -0.734148; 2.945328; 8.308167; 0.000000; 0.000000; 0.000000
2188441626030346; GYRO; -0.036320; -0.002845; -0.039881; 0.000000; 0.000000; 0.000000
2188441645032471; ACC; -0.838574; 2.814422; 8.125624; 0.000000; 0.000000; 0.000000
2188441645883471; GYRO; -0.267908; -0.273039; 0.017017; 0.000000; 0.000000; 0.000000
2188441664884033; ACC; -0.513097; 2.934286; 8.830074; 0.000000; 0.000000; 0.000000
2188441665735033; GYRO; -0.417867; -0.314089; 0.100531; 0.000000; 0.000000; 0.000000
2188441684737158; ACC; -0.124786; 2.786420; 9.493344; 0.000000; 0.000000; 0.000000
2188441685588158; GYRO; -0.344214; -0.196646; 0.119258; 0.000000; 0.000000; 0.000000
2188441704590283; ACC; 0.122554; 2.800584; 9.691489; 0.000000; 0.000000; 0.000000
2188441705441283; GYRO; -0.164846; -0.074438; 0.071384; 0.000000; 0.000000; 0.000000
2188441724441846; ACC; 0.125178; 2.728346; 9.517048; 0.000000; 0.000000; 0.000000
2188441725292846; GYRO; -0.008762; -0.014556; -0.005725; 0.000000; 0.000000; 0.000000
2188441744294971; ACC; -0.288473; 2.779390; 9.196617; 0.000000; 0.000000; 0.000000
2188441745145971; GYRO; 0.071297; 0.019129; -0.040631; 0.000000; 0.000000; 0.000000
2188441764148096; ACC; -0.563317; 2.736506; 8.865824; 0.000000; 0.000000; 0.000000
2188441764999096; GYRO; 0.074560; 0.043825; -0.001134; 0.000000; 0.000000; 0.000000
2188441784001221; ACC; -0.539213; 2.680577; 8.679125; 0.000000; 0.000000; 0.000000
2188441784852221; GYRO; 0.031276; -0.017715; 0.063216; 0.000000; 0.000000; 0.000000
2188441803852783; ACC; -0.325037; 2.753600; 8.776483; 0.000000; 0.000000; 0.000000
2188441804703783; GYRO; -0.030037; -0.136467; 0.105697; 0.000000; 0.000000; 0.000000
2188441823705908; ACC; -0.023444; 2.741696; 9.036923; 0.000000; 0.000000; 0.000000
2188441824556908; GYRO; -0.051644; -0.213052; 0.091001; 0.000000; 0.000000; 0.000000
2188441843559033; ACC; 0.101533; 2.724994; 9.315273; 0.000000; 0.000000; 0.000000
2188441844410033; GYRO; -0.018012; -0.156521; 0.046426; 0.000000; 0.000000; 0.000000
2188441863410596; ACC; 0.110392; 2.745393; 9.315647; 0.000000; 0.000000; 0.000000
2188441864261596; GYRO; 0.029514; -0.030700; 0.015115; 0.000000; 0.000000; 0.000000
2188441883263721; ACC; 0.046141; 2.829401; 9.146933; 0.000000; 0.000000; 0.000000
2188441884114721; GYRO; 0.043616; 0.022131; -0.008203; 0.000000; 0.000000; 0.000000
2188441903116846; ACC; 0.090022; 2.880081; 8.987833; 0.000000; 0.000000; 0.000000
2188441903967846; GYRO; 0.020420; -0.023998; -0.047072; 0.000000; 0.000000; 0.000000
2188441922969971; ACC; 0.038863; 2.832934; 8.975278; 0.000000; 0.000000; 0.000000
2188441923820971; GYRO; 0.000960; -0.116920; -0.091473; 0.000000; 0.000000; 0.000000
2188441942821533; ACC; -0.028386; 2.845537; 9.029321; 0.000000; 0.000000; 0.000000
2188441943672533; GYRO; -0.005166; -0.188845; -0.108769; 0.000000; 0.000000; 0.000000
2188441962674658; ACC; 0.066482; 2.738909; 9.207400; 0.000000; 0.000000; 0.000000
2188441963525658; GYRO; 0.012182; -0.178739; -0.102922; 0.000000; 0.000000; 0.000000
2188441982527783; ACC; 0.124872; 2.749904; 9.256529; 0.000000; 0.000000; 0.000000
2188441983378783; GYRO; 0.050300; -0.125332; -0.099449; 0.000000; 0.000000; 0.000000
2188442002379346; ACC; 0.142034; 2.736706; 9.094815; 0.000000; 0.000000; 0.000000
2188442003230346; GYRO; 0.080529; -0.089012; -0.095016; 0.000000; 0.000000; 0.000000
2188442022232471; ACC; -0.010525; 2.779630; 8.784019; 0.000000; 0.000000; 0.000000
2188442023083471; GYRO; 0.103428; -0.142192; -0.101753; 0.000000; 0.000000; 0.000000
2188442042085596; ACC; -0.065563; 2.765322; 8.507049; 0.000000; 0.000000; 0.000000
2188442042936596; GYRO; 0.109973; -0.265150; -0.102521; 0.000000; 0.000000; 0.000000
2188442061937158; ACC; -0.055325; 2.782790; 8.312821; 0.000000; 0.000000; 0.000000
2188442062788158; GYRO; 0.072815; -0.353377; -0.096988; 0.000000; 0.000000; 0.000000
2188442081790283; ACC; -0.115554; 2.784658; 8.324985; 0.000000; 0.000000; 0.000000
2188442082641283; GYRO; 0.006807; -0.286740; -0.086149; 0.000000; 0.000000; 0.000000
2188442101641846; ACC; -0.173130; 2.714670; 8.506742; 0.000000; 0.000000; 0.000000
2188442102492846; GYRO; -0.043040; -0.219702; -0.058416; 0.000000; 0.000000; 0.000000
2188442121494971; ACC; -0.014854; 2.594836; 8.538844; 0.000000; 0.000000; 0.000000
2188442122345971; GYRO; -0.084439; -0.159977; -0.066637; 0.000000; 0.000000; 0.000000
2188442141348096; ACC; -0.041927; 2.633880; 8.626530; 0.000000; 0.000000; 0.000000
2188442142199096; GYRO; -0.143449; -0.123971; -0.096918; 0.000000; 0.000000; 0.000000
2188442161201221; ACC; -0.011684; 2.599212; 8.522707; 0.000000; 0.000000; 0.000000
2188442162052221; GYRO; -0.243072; -0.127147; -0.112277; 0.000000; 0.000000; 0.000000
2188442181052783; ACC; -0.067737; 2.792932; 8.813890; 0.000000; 0.000000; 0.000000
2188442181903783; GYRO; -0.341858; -0.156469; -0.108996; 0.000000; 0.000000; 0.000000
2188442200905908; ACC; 0.043306; 2.722686; 9.199442; 0.000000; 0.000000; 0.000000
2188442201756908; GYRO; -0.342207; -0.165056; -0.081507; 0.000000; 0.000000; 0.000000
2188442220757471; ACC; 0.223858; 2.635087; 9.209076; 0.000000; 0.000000; 0.000000
2188442221608471; GYRO; -0.259984; -0.055083; -0.054559; 0.000000; 0.000000; 0.000000
2188442240610596; ACC; 0.250759; 2.483917; 8.948071; 0.000000; 0.000000; 0.000000
2188442241461596; GYRO; -0.216421; 0.068818; -0.016074; 0.000000; 0.000000; 0.000000
2188442260463721; ACC; 0.303546; 2.558271; 9.027117; 0.000000; 0.000000; 0.000000
2188442261314721; GYRO; -0.201620; 0.082589; 0.025674; 0.000000; 0.000000; 0.000000
2188442280316846; ACC; 0.400397; 2.621258; 9.221009; 0.000000; 0.000000; 0.000000
2188442281167846; GYRO; -0.160832; -0.003735; 0.030962; 0.000000; 0.000000; 0.000000
2188442300168408; ACC; 0.543637; 2.580375; 9.250640; 0.000000; 0.000000; 0.000000
2188442301019408; GYRO; -0.143658; -0.037036; 0.009564; 0.000000; 0.000000; 0.000000
2188442320021533; ACC; 0.613701; 2.506624; 9.326967; 0.000000; 0.000000; 0.000000
2188442320872533; GYRO; -0.128526; 0.012811; -0.033266; 0.000000; 0.000000; 0.000000
2188442339874658; ACC; 0.586704; 2.381263; 9.334476; 0.000000; 0.000000; 0.000000
2188442340725658; GYRO; -0.101491; 0.048119; -0.084474; 0.000000; 0.000000; 0.000000
2188442359727783; ACC; 0.447639; 2.304419; 9.303906; 0.000000; 0.000000; 0.000000
2188442360578783; GYRO; -0.076725; 0.038415; -0.084788; 0.000000; 0.000000; 0.000000
2188442379579346; ACC; 0.307942; 2.304333; 9.290240; 0.000000; 0.000000; 0.000000
2188442380430346; GYRO; -0.038135; 0.056758; -0.069255; 0.000000; 0.000000; 0.000000
2188442399432471; ACC; 0.231289; 2.256209; 9.007216; 0.000000; 0.000000; 0.000000
2188442400283471; GYRO; -0.004660; 0.094789; -0.075102; 0.000000; 0.000000; 0.000000
2188442419284033; ACC; 0.094628; 2.284911; 8.909188; 0.000000; 0.000000; 0.000000
2188442420135033; GYRO; -0.030910; 0.086341; -0.073391; 0.000000; 0.000000; 0.000000
2188442439137158; ACC; 0.035597; 2.359017; 9.104996; 0.000000; 0.000000; 0.000000
2188442439988158; GYRO; -0.065363; 0.020141; -0.059760; 0.000000; 0.000000; 0.000000
2188442458990283; ACC; 0.225467; 2.269033; 9.155619; 0.000000; 0.000000; 0.000000
2188442459841283; GYRO; -0.038083; 0.023283; -0.078627; 0.000000; 0.000000; 0.000000
2188442478841846; ACC; 0.107768; 2.222126; 9.070778; 0.000000; 0.000000; 0.000000
2188442479692846; GYRO; -0.017139; 0.065799; -0.107687; 0.000000; 0.000000; 0.000000
2188442498696533; ACC; -0.064912; 2.282555; 9.006709; 0.000000; 0.000000; 0.000000
2188442499547533; GYRO; -0.041853; 0.087441; -0.097337; 0.000000; 0.000000; 0.000000
2188442518549658; ACC; 0.009893; 2.233570; 8.959188; 0.000000; 0.000000; 0.000000
2188442519400658; GYRO; -0.052901; 0.115925; -0.070040; 0.000000; 0.000000; 0.000000
2188442538401221; ACC; -0.003745; 2.274693; 8.960683; 0.000000; 0.000000; 0.000000
2188442539252221; GYRO; -0.054524; 0.093846; -0.037525; 0.000000; 0.000000; 0.000000
2188442558254346; ACC; -0.027983; 2.327940; 9.035995; 0.000000; 0.000000; 0.000000
2188442559105346; GYRO; -0.020926; 0.034523; 0.003037; 0.000000; 0.000000; 0.000000
2188442578107471; ACC; 0.034984; 2.334184; 8.999421; 0.000000; 0.000000; 0.000000
2188442578958471; GYRO; 0.015411; 0.033318; 0.019338; 0.000000; 0.000000; 0.000000
2188442597959033; ACC; 0.140904; 2.283206; 8.899497; 0.000000; 0.000000; 0.000000
2188442598810033; GYRO; 0.012392; 0.061662; 0.016301; 0.000000; 0.000000; 0.000000
2188442617812158; ACC; 0.200682; 2.294747; 8.936502; 0.000000; 0.000000; 0.000000
2188442618663158; GYRO; -0.029723; 0.101247; 0.002810; 0.000000; 0.000000; 0.000000
2188442637663721; ACC; 0.041314; 2.381082; 9.075250; 0.000000; 0.000000; 0.000000
2188442638514721; GYRO; -0.059132; 0.110008; -0.000524; 0.000000; 0.000000; 0.000000
2188442657516846; ACC; -0.058543; 2.380047; 9.218241; 0.000000; 0.000000; 0.000000
2188442658367846; GYRO; -0.054699; 0.058992; -0.013683; 0.000000; 0.000000; 0.000000
2188442677369971; ACC; -0.129373; 2.464610; 9.350909; 0.000000; 0.000000; 0.000000
2188442678220971; GYRO; -0.016493; 0.041556; -0.009617; 0.000000; 0.000000; 0.000000
2188442697221533; ACC; -0.031967; 2.373468; 9.317639; 0.000000; 0.000000; 0.000000
2188442698072533; GYRO; 0.025709; 0.022515; 0.014085; 0.000000; 0.000000; 0.000000
2188442717076221; ACC; 0.009471; 2.331052; 9.187595; 0.000000; 0.000000; 0.000000
2188442717927221; GYRO; 0.045221; 0.031346; 0.027402; 0.000000; 0.000000; 0.000000
2188442736927783; ACC; 0.009060; 2.343713; 9.114438; 0.000000; 0.000000; 0.000000
2188442737778783; GYRO; 0.037978; 0.048573; 0.031608; 0.000000; 0.000000; 0.000000
2188442756779346; ACC; 0.029248; 2.382958; 9.140152; 0.000000; 0.000000; 0.000000
2188442757630346; GYRO; 0.034819; 0.053983; 0.019076; 0.000000; 0.000000; 0.000000
2188442776632471; ACC; -0.005488; 2.336042; 9.158511; 0.000000; 0.000000; 0.000000
2188442777483471; GYRO; 0.063792; 0.051348; 0.011449; 0.000000; 0.000000; 0.000000
2188442796485596; ACC; -0.028893; 2.302868; 9.012628; 0.000000; 0.000000; 0.000000
2188442797336596; GYRO; 0.081891; 0.027978; 0.012270; 0.000000; 0.000000; 0.000000
2188442816338721; ACC; -0.079497; 2.295589; 8.935716; 0.000000; 0.000000; 0.000000
2188442817189721; GYRO; 0.082345; 0.015533; 0.022061; 0.000000; 0.000000; 0.000000
2188442836190283; ACC; -0.048478; 2.275162; 8.791978; 0.000000; 0.000000; 0.000000
2188442837041283; GYRO; 0.063757; 0.054367; 0.003124; 0.000000; 0.000000; 0.000000
2188442856043408; ACC; -0.085358; 2.306641; 8.697732; 0.000000; 0.000000; 0.000000
2188442856894408; GYRO; -0.003700; 0.072117; -0.013299; 0.000000; 0.000000; 0.000000
2188442875896533; ACC; -0.163246; 2.325871; 8.905597; 0.000000; 0.000000; 0.000000
2188442876747533; GYRO; -0.046373; 0.041068; 0.001239; 0.000000; 0.000000; 0.000000
2188442895748096; ACC; -0.125811; 2.371371; 9.037939; 0.000000; 0.000000; 0.000000
2188442896599096; GYRO; -0.003543; -0.010996; 0.009826; 0.000000; 0.000000; 0.000000
2188442915601221; ACC; -0.164482; 2.420318; 9.025595; 0.000000; 0.000000; 0.000000
2188442916452221; GYRO; 0.048817; -0.058887; 0.020385; 0.000000; 0.000000; 0.000000
2188442935454346; ACC; 0.012900; 2.397439; 8.865624; 0.000000; 0.000000; 0.000000
2188442936305346; GYRO; 0.045885; -0.058643; 0.032219; 0.000000; 0.000000; 0.000000
2188442955305908; ACC; 0.246411; 2.367128; 8.746162; 0.000000; 0.000000; 0.000000
2188442956156908; GYRO; -0.036669; -0.008447; -0.005096; 0.000000; 0.000000; 0.000000
2188442975159033; ACC; 0.070696; 2.482203; 9.101049; 0.000000; 0.000000; 0.000000
2188442976010033; GYRO; -0.125419; -0.017104; -0.025691; 0.000000; 0.000000; 0.000000
2188442995012158; ACC; 0.047865; 2.386837; 9.335021; 0.000000; 0.000000; 0.000000
2188442995863158; GYRO; -0.093969; -0.024312; -0.033999; 0.000000; 0.000000; 0.000000
2188443014865283; ACC; -0.067775; 2.358097; 9.291217; 0.000000; 0.000000; 0.000000
2188443015716283; GYRO; -0.030124; -0.021956; -0.026320; 0.000000; 0.000000; 0.000000
2188443034716846; ACC; -0.122353; 2.449881; 9.217390; 0.000000; 0.000000; 0.000000
2188443035567846; GYRO; 0.012043; -0.011170; 0.000157; 0.000000; 0.000000; 0.000000
2188443054569971; ACC; -0.092569; 2.379549; 9.176438; 0.000000; 0.000000; 0.000000
2188443055420971; GYRO; 0.024853; -0.011764; -0.011118; 0.000000; 0.000000; 0.000000
2188443074423096; ACC; -0.124058; 2.373640; 9.131457; 0.000000; 0.000000; 0.000000
2188443075274096; GYRO; 0.015638; -0.001222; -0.006336; 0.000000; 0.000000; 0.000000
2188443094274658; ACC; -0.100106; 2.365740; 9.151740; 0.000000; 0.000000; 0.000000
2188443095125658; GYRO; 0.018082; 0.017733; 0.021520; 0.000000; 0.000000; 0.000000
2188443114127783; ACC; -0.049742; 2.332901; 9.054957; 0.000000; 0.000000; 0.000000
2188443114978783; GYRO; 0.029618; 0.035360; 0.023021; 0.000000; 0.000000; 0.000000
2188443133980908; ACC; -0.111062; 2.347668; 8.937459; 0.000000; 0.000000; 0.000000
2188443134831908; GYRO; 0.013736; 0.014765; 0.008535; 0.000000; 0.000000; 0.000000
2188443153832471; ACC; -0.100633; 2.310002; 8.963163; 0.000000; 0.000000; 0.000000
2188443154683471; GYRO; -0.008395; -0.008046; -0.001780; 0.000000; 0.000000; 0.000000
2188443173685596; ACC; -0.130091; 2.199639; 8.985985; 0.000000; 0.000000; 0.000000
2188443174536596; GYRO; -0.006301; -0.002915; 0.007557; 0.000000; 0.000000; 0.000000
2188443193538721; ACC; -0.071194; 2.245694; 9.012236; 0.000000; 0.000000; 0.000000
2188443194389721; GYRO; -0.002915; -0.005655; 0.014224; 0.000000; 0.000000; 0.000000
2188443213390283; ACC; 0.026250; 2.215048; 8.995993; 0.000000; 0.000000; 0.000000
2188443214241283; GYRO; 0.008011; 0.007418; 0.012305; 0.000000; 0.000000; 0.000000
2188443233243408; ACC; -0.052634; 2.255759; 8.983744; 0.000000; 0.000000; 0.000000
2188443234094408; GYRO; -0.017890; -0.005079; 0.020996; 0.000000; 0.000000; 0.000000
2188443253096533; ACC; -0.020207; 2.322155; 9.106546; 0.000000; 0.000000; 0.000000
2188443253947533; GYRO; -0.023422; -0.032865; 0.045152; 0.000000; 0.000000; 0.000000
2188443272949658; ACC; 0.097942; 2.357207; 9.159229; 0.000000; 0.000000; 0.000000
2188443273800658; GYRO; -0.001658; -0.044820; 0.040352; 0.000000; 0.000000; 0.000000
2188443292801221; ACC; 0.095356; 2.414782; 9.073411; 0.000000; 0.000000; 0.000000
2188443293652221; GYRO; 0.004398; -0.031974; 0.016197; 0.000000; 0.000000; 0.000000
2188443312654346; ACC; 0.058294; 2.425049; 9.007849; 0.000000; 0.000000; 0.000000
2188443313505346; GYRO; -0.008325; 0.004573; 0.007330; 0.000000; 0.000000; 0.000000
2188443332507471; ACC; 0.020399; 2.435832; 8.946825; 0.000000; 0.000000; 0.000000
2188443333358471; GYRO; -0.021153; 0.031468; -0.003142; 0.000000; 0.000000; 0.000000
2188443352360596; ACC; 0.013216; 2.454497; 8.854563; 0.000000; 0.000000; 0.000000
2188443353211596; GYRO; -0.025185; 0.041260; -0.001763; 0.000000; 0.000000; 0.000000
2188443372212158; ACC; -0.018617; 2.462073; 8.911401; 0.000000; 0.000000; 0.000000
2188443373063158; GYRO; -0.036442; -0.004538; -0.024696; 0.000000; 0.000000; 0.000000
2188443392065283; ACC; -0.087781; 2.461000; 9.071152; 0.000000; 0.000000; 0.000000
2188443392916283; GYRO; -0.021310; -0.035029; -0.046007; 0.000000; 0.000000; 0.000000
2188443411918408; ACC; -0.114864; 2.384223; 9.191455; 0.000000; 0.000000; 0.000000
2188443412769408; GYRO; 0.000052; -0.050545; -0.052587; 0.000000; 0.000000; 0.000000
2188443431769971; ACC; -0.142273; 2.310414; 9.236083; 0.000000; 0.000000; 0.000000
2188443432620971; GYRO; 0.004468; -0.045693; -0.036495; 0.000000; 0.000000; 0.000000
2188443451623096; ACC; -0.159760; 2.259188; 9.256798; 0.000000; 0.000000; 0.000000
2188443452474096; GYRO; 0.005096; -0.031852; -0.007103; 0.000000; 0.000000; 0.000000
2188443471476221; ACC; -0.056522; 2.235083; 9.310849; 0.000000; 0.000000; 0.000000
2188443472327221; GYRO; 0.007330; -0.023108; 0.014521; 0.000000; 0.000000; 0.000000
2188443491329346; ACC; -0.015696; 2.252465; 9.344454; 0.000000; 0.000000; 0.000000
2188443492180346; GYRO; 0.023510; -0.004939; 0.019792; 0.000000; 0.000000; 0.000000
2188443511180908; ACC; -0.006531; 2.253624; 9.193399; 0.000000; 0.000000; 0.000000
2188443512031908; GYRO; 0.046949; 0.032707; 0.025691; 0.000000; 0.000000; 0.000000
2188443531032471; ACC; 0.003381; 2.289987; 8.877758; 0.000000; 0.000000; 0.000000
2188443531883471; GYRO; 0.051644; 0.076480; 0.037088; 0.000000; 0.000000; 0.000000
2188443550885596; ACC; 0.016731; 2.357771; 8.699207; 0.000000; 0.000000; 0.000000
2188443551736596; GYRO; 0.007522; 0.064769; 0.044471; 0.000000; 0.000000; 0.000000
2188443570738721; ACC; 0.033710; 2.413327; 8.799908; 0.000000; 0.000000; 0.000000
2188443571589721; GYRO; -0.030473; -0.005445; 0.047281; 0.000000; 0.000000; 0.000000
2188443590590283; ACC; 0.069729; 2.535191; 9.012369; 0.000000; 0.000000; 0.000000
2188443591441283; GYRO; -0.028274; -0.065851; 0.028327; 0.000000; 0.000000; 0.000000
2188443610443408; ACC; 0.018445; 2.548292; 9.053694; 0.000000; 0.000000; 0.000000
2188443611294408; GYRO; -0.004032; -0.050318; 0.017069; 0.000000; 0.000000; 0.000000
2188443630296533; ACC; -0.000919; 2.413556; 8.935324; 0.000000; 0.000000; 0.000000
2188443631147533; GYRO; -0.001274; -0.027262; 0.030927; 0.000000; 0.000000; 0.000000
2188443650148096; ACC; 0.034314; 2.398416; 9.011019; 0.000000; 0.000000; 0.000000
2188443650999096; GYRO; -0.036477; -0.069761; 0.050841; 0.000000; 0.000000; 0.000000
2188443670001221; ACC; 0.202578; 2.413863; 9.317256; 0.000000; 0.000000; 0.000000
2188443670852221; GYRO; -0.064455; -0.144758; 0.051051; 0.000000; 0.000000; 0.000000
2188443689854346; ACC; 0.400655; 2.435612; 9.587677; 0.000000; 0.000000; 0.000000
2188443690705346; GYRO; -0.035448; -0.106029; 0.025482; 0.000000; 0.000000; 0.000000
2188443709705908; ACC; 0.379500; 2.361334; 9.445192; 0.000000; 0.000000; 0.000000
2188443710556908; GYRO; -0.018204; -0.030089; -0.048363; 0.000000; 0.000000; 0.000000
2188443729559033; ACC; 0.130637; 2.388484; 9.345737; 0.000000; 0.000000; 0.000000
2188443730410033; GYRO; -0.054105; 0.002025; -0.101561; 0.000000; 0.000000; 0.000000
2188443749412158; ACC; -0.049292; 2.288225; 9.447386; 0.000000; 0.000000; 0.000000
2188443750263158; GYRO; -0.085783; -0.003072; -0.100548; 0.000000; 0.000000; 0.000000
2188443769263721; ACC; -0.134267; 2.307580; 9.581997; 0.000000; 0.000000; 0.000000
2188443770114721; GYRO; -0.054664; -0.007854; -0.056095; 0.000000; 0.000000; 0.000000
2188443789116846; ACC; -0.121578; 2.359064; 9.640435; 0.000000; 0.000000; 0.000000
2188443789967846; GYRO; 0.004206; -0.027768; -0.008954; 0.000000; 0.000000; 0.000000
2188443808969971; ACC; -0.035061; 2.423526; 9.568283; 0.000000; 0.000000; 0.000000
2188443809820971; GYRO; 0.039410; -0.027873; 0.010891; 0.000000; 0.000000; 0.000000
2188443828823096; ACC; 0.019125; 2.471621; 9.488010; 0.000000; 0.000000; 0.000000
2188443829674096; GYRO; 0.023632; -0.012322; 0.009599; 0.000000; 0.000000; 0.000000
2188443848674658; ACC; 0.070916; 2.462149; 9.511828; 0.000000; 0.000000; 0.000000
2188443849525658; GYRO; 0.016389; 0.015167; -0.000105; 0.000000; 0.000000; 0.000000
2188443868527783; ACC; 0.030703; 2.439720; 9.466367; 0.000000; 0.000000; 0.000000
2188443869378783; GYRO; 0.013212; 0.007103; -0.026424; 0.000000; 0.000000; 0.000000
2188443888380908; ACC; -0.028079; 2.428334; 9.535100; 0.000000; 0.000000; 0.000000
2188443889231908; GYRO; -0.000873; -0.046757; -0.036617; 0.000000; 0.000000; 0.000000
2188443908232471; ACC; 0.016549; 2.365040; 9.685637; 0.000000; 0.000000; 0.000000
2188443909083471; GYRO; -0.000157; -0.041068; -0.027018; 0.000000; 0.000000; 0.000000
2188443928085596; ACC; 0.003017; 2.351020; 9.685848; 0.000000; 0.000000; 0.000000
2188443928936596; GYRO; 0.009460; 0.015307; -0.011589; 0.000000; 0.000000; 0.000000
2188443947938721; ACC; -0.030943; 2.370154; 9.604656; 0.000000; 0.000000; 0.000000
2188443948789721; GYRO; -0.000035; 0.032934; 0.006912; 0.000000; 0.000000; 0.000000
2188443967790283; ACC; -0.035147; 2.465022; 9.573063; 0.000000; 0.000000; 0.000000
2188443968641283; GYRO; -0.009547; 0.032620; 0.029322; 0.000000; 0.000000; 0.000000
2188443987643408; ACC; 0.054482; 2.445313; 9.626511; 0.000000; 0.000000; 0.000000
2188443988494408; GYRO; 0.015865; -0.006283; 0.037647; 0.000000; 0.000000; 0.000000
2188444007496533; ACC; 0.210604; 2.514352; 9.542617; 0.000000; 0.000000; 0.000000
2188444008347533; GYRO; 0.033179; -0.018937; 0.016930; 0.000000; 0.000000; 0.000000
2188444027348096; ACC; 0.083807; 2.562562; 9.564539; 0.000000; 0.000000; 0.000000
2188444028199096; GYRO; 0.026372; -0.019652; 0.003910; 0.000000; 0.000000; 0.000000
2188444047201221; ACC; 0.024526; 2.518308; 9.484774; 0.000000; 0.000000; 0.000000
2188444048052221; GYRO; 0.030613; 0.001047; 0.008430; 0.000000; 0.000000; 0.000000
2188444067054346; ACC; 0.113179; 2.469552; 9.375655; 0.000000; 0.000000; 0.000000
2188444067905346; GYRO; 0.012933; 0.019251; 0.016441; 0.000000; 0.000000; 0.000000
2188444086907471; ACC; 0.174269; 2.414782; 9.410811; 0.000000; 0.000000; 0.000000
2188444087758471; GYRO; -0.022742; -0.015725; 0.007662; 0.000000; 0.000000; 0.000000
2188444106759033; ACC; 0.131106; 2.443149; 9.590837; 0.000000; 0.000000; 0.000000
2188444107610033; GYRO; -0.026354; -0.041678; -0.006318; 0.000000; 0.000000; 0.000000
2188444126612158; ACC; 0.082102; 2.467656; 9.652866; 0.000000; 0.000000; 0.000000
2188444127463158; GYRO; -0.015167; -0.032358; -0.017383; 0.000000; 0.000000; 0.000000
2188444146465283; ACC; 0.047032; 2.401604; 9.698327; 0.000000; 0.000000; 0.000000
2188444147316283; GYRO; -0.004171; -0.018658; -0.004974; 0.000000; 0.000000; 0.000000
2188444166318408; ACC; 0.087513; 2.384970; 9.747025; 0.000000; 0.000000; 0.000000
2188444167169408; GYRO; 0.004136; -0.015673; 0.013858; 0.000000; 0.000000; 0.000000
2188444186169971; ACC; 0.102472; 2.444777; 9.790417; 0.000000; 0.000000; 0.000000
2188444187020971; GYRO; 0.011222; -0.009268; 0.029304; 0.000000; 0.000000; 0.000000
2188444206023096; ACC; 0.155125; 2.464946; 9.713496; 0.000000; 0.000000; 0.000000
2188444206874096; GYRO; 0.027471; 0.005550; 0.031800; 0.000000; 0.000000; 0.000000
2188444225874658; ACC; 0.183223; 2.528545; 9.672220; 0.000000; 0.000000; 0.000000
2188444226725658; GYRO; 0.026826; -0.008517; 0.021817; 0.000000; 0.000000; 0.000000
2188444245727783; ACC; 0.217307; 2.534521; 9.624126; 0.000000; 0.000000; 0.000000
2188444246578783; GYRO; 0.029531; -0.001326; 0.006196; 0.000000; 0.000000; 0.000000
2188444265580908; ACC; 0.219242; 2.501941; 9.571377; 0.000000; 0.000000; 0.000000
2188444266431908; GYRO; 0.036914; 0.004503; -0.019565; 0.000000; 0.000000; 0.000000
2188444285434033; ACC; 0.095184; 2.453185; 9.483615; 0.000000; 0.000000; 0.000000
2188444286285033; GYRO; 0.027663; 0.011851; -0.028588; 0.000000; 0.000000; 0.000000
2188444305285596; ACC; 0.006053; 2.470529; 9.414202; 0.000000; 0.000000; 0.000000
2188444306136596; GYRO; 0.012339; 0.021886; -0.011589; 0.000000; 0.000000; 0.000000
2188444325138721; ACC; 0.059137; 2.425441; 9.373233; 0.000000; 0.000000; 0.000000
2188444325989721; GYRO; 0.005061; 0.010681; -0.013317; 0.000000; 0.000000; 0.000000
2188444344991846; ACC; 0.011214; 2.439692; 9.393583; 0.000000; 0.000000; 0.000000
2188444345842846; GYRO; -0.011240; -0.015167; -0.019897; 0.000000; 0.000000; 0.000000
2188444364843408; ACC; 0.009730; 2.423421; 9.545376; 0.000000; 0.000000; 0.000000
2188444365694408; GYRO; -0.015376; -0.040335; -0.017436; 0.000000; 0.000000; 0.000000
2188444384696533; ACC; 0.081757; 2.472645; 9.527841; 0.000000; 0.000000; 0.000000
2188444385547533; GYRO; -0.010402; -0.015132; -0.013090; 0.000000; 0.000000; 0.000000
2188444404549658; ACC; 0.126309; 2.472348; 9.440835; 0.000000; 0.000000; 0.000000
2188444405400658; GYRO; -0.017802; -0.018047; -0.020839; 0.000000; 0.000000; 0.000000
2188444424402783; ACC; 0.028261; 2.523910; 9.439887; 0.000000; 0.000000; 0.000000
2188444425253783; GYRO; -0.033807; -0.035779; -0.035971; 0.000000; 0.000000; 0.000000
2188444444254346; ACC; 0.036545; 2.440123; 9.520256; 0.000000; 0.000000; 0.000000
2188444445105346; GYRO; -0.047997; -0.023021; -0.024609; 0.000000; 0.000000; 0.000000
2188444464107471; ACC; 0.092531; 2.360309; 9.615181; 0.000000; 0.000000; 0.000000
2188444464958471; GYRO; -0.049061; 0.014539; -0.009093; 0.000000; 0.000000; 0.000000
2188444483960596; ACC; 0.060075; 2.386646; 9.704102; 0.000000; 0.000000; 0.000000
2188444484811596; GYRO; -0.032149; 0.029112; 0.014975; 0.000000; 0.000000; 0.000000
2188444503812158; ACC; 0.098450; 2.339451; 9.623896; 0.000000; 0.000000; 0.000000
2188444504663158; GYRO; -0.015289; 0.002653; 0.023527; 0.000000; 0.000000; 0.000000
2188444523665283; ACC; 0.113983; 2.517580; 9.757253; 0.000000; 0.000000; 0.000000
2188444524516283; GYRO; -0.011868; -0.007208; 0.026651; 0.000000; 0.000000; 0.000000
2188444543518408; ACC; 0.279786; 2.450274; 9.645597; 0.000000; 0.000000; 0.000000
2188444544369408; GYRO; -0.006772; 0.043825; -0.003508; 0.000000; 0.000000; 0.000000
2188444563371533; ACC; 0.182802; 2.445418; 9.627286; 0.000000; 0.000000; 0.000000
2188444564222533; GYRO; -0.039689; 0.050597; -0.009460; 0.000000; 0.000000; 0.000000
2188444583223096; ACC; 0.153842; 2.437173; 9.745646; 0.000000; 0.000000; 0.000000
2188444584074096; GYRO; -0.036198; 0.020159; 0.020263; 0.000000; 0.000000; 0.000000
2188444603076221; ACC; 0.209703; 2.450025; 9.803289; 0.000000; 0.000000; 0.000000
2188444603927221; GYRO; 0.006388; -0.001745; 0.029514; 0.000000; 0.000000; 0.000000
2188444622929346; ACC; 0.225879; 2.521123; 9.608420; 0.000000; 0.000000; 0.000000
2188444623780346; GYRO; 0.028955; 0.056060; 0.020281; 0.000000; 0.000000; 0.000000
2188444642780908; ACC; 0.147856; 2.548427; 9.579632; 0.000000; 0.000000; 0.000000
2188444643631908; GYRO; -0.000820; 0.065502; 0.001710; 0.000000; 0.000000; 0.000000
2188444662634033; ACC; 0.082437; 2.490860; 9.640426; 0.000000; 0.000000; 0.000000
2188444663485033; GYRO; -0.004625; 0.050981; -0.020420; 0.000000; 0.000000; 0.000000
2188444682487158; ACC; 0.055593; 2.486359; 9.622383; 0.000000; 0.000000; 0.000000
2188444683338158; GYRO; 0.009390; 0.043895; -0.024993; 0.000000; 0.000000; 0.000000
2188444702338721; ACC; 0.052845; 2.444432; 9.545175; 0.000000; 0.000000; 0.000000
2188444703189721; GYRO; 0.025883; 0.061837; -0.030823; 0.000000; 0.000000; 0.000000
2188444722190283; ACC; -0.052692; 2.455474; 9.451800; 0.000000; 0.000000; 0.000000
2188444723041283; GYRO; 0.012147; 0.025011; -0.046216; 0.000000; 0.000000; 0.000000
2188444742044971; ACC; -0.076940; 2.447497; 9.507787; 0.000000; 0.000000; 0.000000
2188444742895971; GYRO; -0.008168; -0.021485; -0.038380; 0.000000; 0.000000; 0.000000
2188444761898096; ACC; -0.016970; 2.397496; 9.651879; 0.000000; 0.000000; 0.000000
2188444762749096; GYRO; -0.008570; -0.037909; -0.026005; 0.000000; 0.000000; 0.000000
2188444781749658; ACC; -0.056225; 2.395466; 9.726923; 0.000000; 0.000000; 0.000000
2188444782600658; GYRO; 0.003910; -0.031957; -0.024400; 0.000000; 0.000000; 0.000000
2188444801602783; ACC; 0.008705; 2.357139; 9.698318; 0.000000; 0.000000; 0.000000
2188444802453783; GYRO; -0.004747; -0.007348; -0.015184; 0.000000; 0.000000; 0.000000
2188444821454346; ACC; -0.012230; 2.406776; 9.632936; 0.000000; 0.000000; 0.000000
2188444822305346; GYRO; -0.022724; 0.030840; 0.011327; 0.000000; 0.000000; 0.000000
2188444841307471; ACC; 0.052002; 2.419772; 9.622546; 0.000000; 0.000000; 0.000000
2188444842158471; GYRO; -0.025080; 0.019565; 0.020804; 0.000000; 0.000000; 0.000000
2188444861160596; ACC; 0.106619; 2.538352; 9.646067; 0.000000; 0.000000; 0.000000
2188444862011596; GYRO; -0.029409; -0.023475; 0.002164; 0.000000; 0.000000; 0.000000
2188444881012158; ACC; 0.107203; 2.540200; 9.718381; 0.000000; 0.000000; 0.000000
2188444881863158; GYRO; -0.039165; -0.054192; -0.005184; 0.000000; 0.000000; 0.000000
2188444900865283; ACC; 0.099714; 2.569773; 9.882000; 0.000000; 0.000000; 0.000000
2188444901716283; GYRO; -0.036984; -0.064577; -0.012322; 0.000000; 0.000000; 0.000000
2188444920718408; ACC; 0.056120; 2.568701; 10.020414; 0.000000; 0.000000; 0.000000
2188444921569408; GYRO; -0.033615; -0.048311; -0.004067; 0.000000; 0.000000; 0.000000
2188444940569971; ACC; 0.120333; 2.548838; 10.055044; 0.000000; 0.000000; 0.000000
2188444941420971; GYRO; -0.028501; -0.011222; 0.019687; 0.000000; 0.000000; 0.000000
2188444960423096; ACC; 0.187227; 2.543954; 9.933188; 0.000000; 0.000000; 0.000000
2188444961274096; GYRO; -0.031084; 0.003648; 0.019722; 0.000000; 0.000000; 0.000000
2188444980276221; ACC; 0.164032; 2.614392; 9.979416; 0.000000; 0.000000; 0.000000
2188444981127221; GYRO; -0.058399; -0.034383; -0.013893; 0.000000; 0.000000; 0.000000
2188445000127783; ACC; 0.099513; 2.534655; 10.201473; 0.000000; 0.000000; 0.000000
2188445000978783; GYRO; -0.062046; -0.067736; -0.043214; 0.000000; 0.000000; 0.000000
2188445019982471; ACC; 0.003093; 2.429626; 10.294512; 0.000000; 0.000000; 0.000000
2188445020833471; GYRO; -0.026162; -0.037664; -0.035675; 0.000000; 0.000000; 0.000000
2188445039834033; ACC; -0.050719; 2.423593; 10.214249; 0.000000; 0.000000; 0.000000
2188445040685033; GYRO; -0.006685; -0.001990; -0.016040; 0.000000; 0.000000; 0.000000
2188445059685596; ACC; -0.038623; 2.412876; 10.145823; 0.000000; 0.000000; 0.000000
2188445060536596; GYRO; -0.002513; 0.017541; 0.002880; 0.000000; 0.000000; 0.000000
2188445079540283; ACC; -0.003141; 2.429483; 10.119917; 0.000000; 0.000000; 0.000000
2188445080391283; GYRO; -0.011746; 0.016912; 0.022881; 0.000000; 0.000000; 0.000000
2188445099391846; ACC; 0.042942; 2.471831; 10.191686; 0.000000; 0.000000; 0.000000
2188445100242846; GYRO; -0.020124; 0.002443; 0.026145; 0.000000; 0.000000; 0.000000
2188445119243408; ACC; 0.077812; 2.499748; 10.256674; 0.000000; 0.000000; 0.000000
2188445120094408; GYRO; -0.023213; -0.003194; 0.012043; 0.000000; 0.000000; 0.000000
2188445139096533; ACC; 0.006254; 2.509372; 10.268090; 0.000000; 0.000000; 0.000000
2188445139947533; GYRO; -0.015184; 0.003648; 0.022340; 0.000000; 0.000000; 0.000000
2188445158949658; ACC; 0.058256; 2.492278; 10.289216; 0.000000; 0.000000; 0.000000
2188445159800658; GYRO; -0.007069; -0.009634; 0.041975; 0.000000; 0.000000; 0.000000
2188445178802783; ACC; 0.153382; 2.532452; 10.311213; 0.000000; 0.000000; 0.000000
2188445179653783; GYRO; -0.008343; -0.017820; 0.056147; 0.000000; 0.000000; 0.000000
2188445198654346; ACC; 0.246363; 2.589540; 10.371012; 0.000000; 0.000000; 0.000000
2188445199505346; GYRO; -0.016493; -0.025098; 0.048293; 0.000000; 0.000000; 0.000000
2188445218507471; ACC; 0.235695; 2.593897; 10.379037; 0.000000; 0.000000; 0.000000
2188445219358471; GYRO; -0.006493; -0.004835; 0.028519; 0.000000; 0.000000; 0.000000
2188445238360596; ACC; 0.145931; 2.623940; 10.340883; 0.000000; 0.000000; 0.000000
2188445239211596; GYRO; 0.004782; -0.000733; 0.023562; 0.000000; 0.000000; 0.000000
2188445258212158; ACC; 0.153832; 2.604460; 10.340883; 0.000000; 0.000000; 0.000000
2188445259063158; GYRO; 0.017000; -0.009215; 0.032149; 0.000000; 0.000000; 0.000000
2188445278065283; ACC; 0.116569; 2.649222; 10.348861; 0.000000; 0.000000; 0.000000
2188445278916283; GYRO; 0.043075; -0.031189; 0.023928; 0.000000; 0.000000; 0.000000
2188445297918408; ACC; 0.176558; 2.621565; 10.215647; 0.000000; 0.000000; 0.000000
2188445298769408; GYRO; 0.052430; -0.010263; -0.006685; 0.000000; 0.000000; 0.000000
2188445317771533; ACC; 0.100489; 2.571057; 10.173605; 0.000000; 0.000000; 0.000000
2188445318622533; GYRO; 0.016720; 0.010088; -0.009006; 0.000000; 0.000000; 0.000000
2188445337623096; ACC; 0.088490; 2.497918; 10.260658; 0.000000; 0.000000; 0.000000
2188445338474096; GYRO; -0.000332; 0.006493; -0.004939; 0.000000; 0.000000; 0.000000
2188445357476221; ACC; 0.104713; 2.459276; 10.347452; 0.000000; 0.000000; 0.000000
2188445358327221; GYRO; 0.024836; 0.000436; 0.000628; 0.000000; 0.000000; 0.000000
2188445377329346; ACC; 0.100710; 2.436206; 10.294292; 0.000000; 0.000000; 0.000000
2188445378180346; GYRO; 0.044471; -0.007121; 0.002426; 0.000000; 0.000000; 0.000000
2188445397180908; ACC; 0.097501; 2.428898; 10.192548; 0.000000; 0.000000; 0.000000
2188445398031908; GYRO; 0.042464; 0.009669; 0.007051; 0.000000; 0.000000; 0.000000
2188445417034033; ACC; 0.127783; 2.414447; 10.106978; 0.000000; 0.000000; 0.000000
2188445417885033; GYRO; 0.001204; 0.022009; 0.009791; 0.000000; 0.000000; 0.000000
2188445436887158; ACC; 0.152482; 2.405234; 10.209384; 0.000000; 0.000000; 0.000000
2188445437738158; GYRO; -0.023684; 0.008203; 0.016284; 0.000000; 0.000000; 0.000000
2188445456738721; ACC; 0.150002; 2.459333; 10.286008; 0.000000; 0.000000; 0.000000
2188445457589721; GYRO; -0.018431; 0.004014; 0.011135; 0.000000; 0.000000; 0.000000
2188445476591846; ACC; 0.105948; 2.485105; 10.246983; 0.000000; 0.000000; 0.000000
2188445477442846; GYRO; -0.003578; 0.019897; 0.012130; 0.000000; 0.000000; 0.000000
2188445496444971; ACC; 0.052280; 2.540181; 10.167869; 0.000000; 0.000000; 0.000000
2188445497295971; GYRO; -0.017436; 0.023544; 0.018570; 0.000000; 0.000000; 0.000000
2188445516296533; ACC; 0.038911; 2.596809; 10.236812; 0.000000; 0.000000; 0.000000
2188445517147533; GYRO; -0.039095; 0.015272; 0.026494; 0.000000; 0.000000; 0.000000
2188445536149658; ACC; 0.052471; 2.577789; 10.276919; 0.000000; 0.000000; 0.000000
2188445537000658; GYRO; -0.020176; 0.031957; 0.019426; 0.000000; 0.000000; 0.000000
2188445556002783; ACC; -0.072659; 2.598561; 10.161452; 0.000000; 0.000000; 0.000000
2188445556853783; GYRO; -0.004835; 0.036303; 0.029444; 0.000000; 0.000000; 0.000000
2188445575855908; ACC; -0.046361; 2.578852; 10.194616; 0.000000; 0.000000; 0.000000
2188445576706908; GYRO; -0.012130; -0.012252; 0.041329; 0.000000; 0.000000; 0.000000
2188445595707471; ACC; 0.095088; 2.561183; 10.373817; 0.000000; 0.000000; 0.000000
2188445596558471; GYRO; -0.024993; -0.028920; 0.033057; 0.000000; 0.000000; 0.000000
2188445615560596; ACC; 0.196028; 2.472425; 10.546430; 0.000000; 0.000000; 0.000000
2188445616411596; GYRO; -0.022026; -0.007889; 0.036425; 0.000000; 0.000000; 0.000000
2188445635413721; ACC; 0.222766; 2.453338; 10.543700; 0.000000; 0.000000; 0.000000
2188445636264721; GYRO; -0.002443; 0.038101; 0.058207; 0.000000; 0.000000; 0.000000
2188445655266846; ACC; 0.253613; 2.565014; 10.440578; 0.000000; 0.000000; 0.000000
2188445656117846; GYRO; 0.007278; 0.056182; 0.073810; 0.000000; 0.000000; 0.000000
2188445675118408; ACC; 0.310978; 2.637223; 10.321183; 0.000000; 0.000000; 0.000000
2188445675969408; GYRO; 0.005899; 0.038799; 0.057439; 0.000000; 0.000000; 0.000000
2188445694971533; ACC; 0.366246; 2.669276; 10.210677; 0.000000; 0.000000; 0.000000
2188445695822533; GYRO; 0.000925; 0.036111; 0.025988; 0.000000; 0.000000; 0.000000
2188445714823096; ACC; 0.281434; 2.719756; 10.142881; 0.000000; 0.000000; 0.000000
2188445715674096; GYRO; -0.017488; 0.026808; -0.008622; 0.000000; 0.000000; 0.000000
2188445734676221; ACC; 0.193835; 2.715686; 10.249242; 0.000000; 0.000000; 0.000000
2188445735527221; GYRO; -0.029950; -0.014172; -0.022637; 0.000000; 0.000000; 0.000000
2188445754529346; ACC; 0.177219; 2.673461; 10.404664; 0.000000; 0.000000; 0.000000
2188445755380346; GYRO; -0.009774; -0.034505; -0.018902; 0.000000; 0.000000; 0.000000
2188445774382471; ACC; 0.166732; 2.605993; 10.386152; 0.000000; 0.000000; 0.000000
2188445775233471; GYRO; 0.018483; -0.016825; -0.016458; 0.000000; 0.000000; 0.000000
2188445794234033; ACC; 0.065400; 2.578661; 10.294684; 0.000000; 0.000000; 0.000000
2188445795085033; GYRO; 0.029601; -0.020385; -0.021712; 0.000000; 0.000000; 0.000000
2188445814087158; ACC; 0.087647; 2.516430; 10.276297; 0.000000; 0.000000; 0.000000
2188445814938158; GYRO; 0.016581; -0.018692; -0.024417; 0.000000; 0.000000; 0.000000
2188445833940283; ACC; 0.048899; 2.461057; 10.314202; 0.000000; 0.000000; 0.000000
2188445834791283; GYRO; 0.002409; -0.006597; -0.031102; 0.000000; 0.000000; 0.000000
2188445853793408; ACC; -0.020619; 2.442766; 10.355918; 0.000000; 0.000000; 0.000000
2188445854644408; GYRO; 0.001641; -0.000436; -0.029130; 0.000000; 0.000000; 0.000000
2188445873644971; ACC; -0.045480; 2.421946; 10.413159; 0.000000; 0.000000; 0.000000
2188445874495971; GYRO; 0.013875; -0.017925; -0.015219; 0.000000; 0.000000; 0.000000
2188445893498096; ACC; 0.000690; 2.381800; 10.416387; 0.000000; 0.000000; 0.000000
2188445894349096; GYRO; 0.030142; -0.015184; -0.001187; 0.000000; 0.000000; 0.000000
2188445913351221; ACC; 0.057681; 2.386914; 10.333230; 0.000000; 0.000000; 0.000000
2188445914202221; GYRO; 0.023405; 0.021834; 0.009861; 0.000000; 0.000000; 0.000000
2188445933202783; ACC; 0.066042; 2.484339; 10.286840; 0.000000; 0.000000; 0.000000
2188445934053783; GYRO; 0.000105; 0.053302; 0.021886; 0.000000; 0.000000; 0.000000
2188445953055908; ACC; 0.154330; 2.490180; 10.249156; 0.000000; 0.000000; 0.000000
2188445953906908; GYRO; 0.002583; 0.050545; 0.037228; 0.000000; 0.000000; 0.000000
2188445972909033; ACC; 0.295464; 2.520730; 10.111240; 0.000000; 0.000000; 0.000000
2188445973760033; GYRO; 0.015499; 0.036914; 0.027402; 0.000000; 0.000000; 0.000000
2188445992760596; ACC; 0.274289; 2.589454; 9.968928; 0.000000; 0.000000; 0.000000
2188445993611596; GYRO; -0.000733; 0.018884; 0.001990; 0.000000; 0.000000; 0.000000
2188446012613721; ACC; 0.242264; 2.573939; 10.034415; 0.000000; 0.000000; 0.000000
2188446013464721; GYRO; -0.032306; -0.017959; -0.015900; 0.000000; 0.000000; 0.000000
2188446032466846; ACC; 0.202444; 2.636916; 10.191015; 0.000000; 0.000000; 0.000000
2188446033317846; GYRO; -0.038799; -0.023492; -0.011746; 0.000000; 0.000000; 0.000000
2188446052318408; ACC; 0.209138; 2.636553; 10.225415; 0.000000; 0.000000; 0.000000
2188446053169408; GYRO; -0.019199; -0.009495; -0.003142; 0.000000; 0.000000; 0.000000
2188446072171533; ACC; 0.193586; 2.638975; 10.195593; 0.000000; 0.000000; 0.000000
2188446073022533; GYRO; -0.015080; -0.019792; -0.011921; 0.000000; 0.000000; 0.000000
2188446092024658; ACC; 0.219989; 2.657459; 10.374220; 0.000000; 0.000000; 0.000000
2188446092875658; GYRO; -0.041591; -0.066567; -0.028903; 0.000000; 0.000000; 0.000000
2188446111877783; ACC; 0.252588; 2.611557; 10.634307; 0.000000; 0.000000; 0.000000
2188446112728783; GYRO; -0.025447; -0.067963; -0.039200; 0.000000; 0.000000; 0.000000
2188446131729346; ACC; 0.177209; 2.590641; 10.657952; 0.000000; 0.000000; 0.000000
2188446132580346; GYRO; 0.031067; -0.015149; -0.044454; 0.000000; 0.000000; 0.000000
2188446151582471; ACC; 0.149245; 2.536235; 10.456772; 0.000000; 0.000000; 0.000000
2188446152433471; GYRO; 0.049044; 0.010926; -0.048642; 0.000000; 0.000000; 0.000000
2188446171435596; ACC; 0.121511; 2.518030; 10.358686; 0.000000; 0.000000; 0.000000
2188446172286596; GYRO; 0.032707; 0.006458; -0.039654; 0.000000; 0.000000; 0.000000
2188446191287158; ACC; 0.043737; 2.568318; 10.293257; 0.000000; 0.000000; 0.000000
2188446192138158; GYRO; 0.038659; 0.007732; -0.038834; 0.000000; 0.000000; 0.000000
2188446211140283; ACC; -0.022965; 2.589569; 10.234369; 0.000000; 0.000000; 0.000000
2188446211991283; GYRO; 0.038799; -0.021101; -0.050719; 0.000000; 0.000000; 0.000000
2188446230993408; ACC; 0.020810; 2.479828; 10.354951; 0.000000; 0.000000; 0.000000
2188446231844408; GYRO; 0.007295; -0.065258; -0.056269; 0.000000; 0.000000; 0.000000
2188446250846533; ACC; 0.069681; 2.425278; 10.546238; 0.000000; 0.000000; 0.000000
2188446251697533; GYRO; 0.005952; -0.032707; -0.029095; 0.000000; 0.000000; 0.000000
2188446270698096; ACC; 0.058648; 2.364111; 10.521262; 0.000000; 0.000000; 0.000000
2188446271549096; GYRO; 0.039305; 0.044122; -0.000367; 0.000000; 0.000000; 0.000000
2188446290551221; ACC; 0.037330; 2.485086; 10.254787; 0.000000; 0.000000; 0.000000
2188446291402221; GYRO; 0.048433; 0.066043; 0.027698; 0.000000; 0.000000; 0.000000
2188446310404346; ACC; 0.105000; 2.558137; 10.065769; 0.000000; 0.000000; 0.000000
2188446311255346; GYRO; 0.046408; 0.051679; 0.047805; 0.000000; 0.000000; 0.000000
2188446330255908; ACC; 0.187188; 2.598255; 9.917722; 0.000000; 0.000000; 0.000000
2188446331106908; GYRO; 0.054315; 0.031713; 0.026983; 0.000000; 0.000000; 0.000000
2188446350109033; ACC; 0.147569; 2.650803; 9.913202; 0.000000; 0.000000; 0.000000
2188446350960033; GYRO; 0.027838; -0.029479; -0.018762; 0.000000; 0.000000; 0.000000
2188446369960596; ACC; 0.130867; 2.606721; 10.019504; 0.000000; 0.000000; 0.000000
2188446370811596; GYRO; -0.022009; -0.062849; -0.050964; 0.000000; 0.000000; 0.000000
2188446389813721; ACC; 0.029544; 2.596445; 10.241571; 0.000000; 0.000000; 0.000000
2188446390664721; GYRO; -0.048852; -0.032149; -0.043808; 0.000000; 0.000000; 0.000000
2188446409666846; ACC; -0.005995; 2.594855; 10.359241; 0.000000; 0.000000; 0.000000
2188446410517846; GYRO; -0.037874; 0.011222; -0.021520; 0.000000; 0.000000; 0.000000
2188446429518408; ACC; 0.025398; 2.616192; 10.417957; 0.000000; 0.000000; 0.000000
2188446430369408; GYRO; -0.015778; 0.002199; -0.003857; 0.000000; 0.000000; 0.000000
2188446449371533; ACC; 0.100949; 2.577578; 10.370044; 0.000000; 0.000000; 0.000000
2188446450222533; GYRO; 0.006615; 0.000803; 0.000052; 0.000000; 0.000000; 0.000000
2188446469224658; ACC; 0.102434; 2.611174; 10.283930; 0.000000; 0.000000; 0.000000
2188446470075658; GYRO; -0.004206; 0.002880; -0.007191; 0.000000; 0.000000; 0.000000
2188446489077783; ACC; 0.038805; 2.620463; 10.342607; 0.000000; 0.000000; 0.000000
2188446489928783; GYRO; -0.017837; -0.000646; -0.009477; 0.000000; 0.000000; 0.000000
2188446508930908; ACC; -0.012871; 2.648629; 10.393785; 0.000000; 0.000000; 0.000000
2188446509781908; GYRO; -0.008570; 0.019897; 0.005585; 0.000000; 0.000000; 0.000000
2188446528782471; ACC; -0.025015; 2.624687; 10.293822; 0.000000; 0.000000; 0.000000
2188446529633471; GYRO; 0.018256; 0.056287; 0.024417; 0.000000; 0.000000; 0.000000
2188446548635596; ACC; 0.053113; 2.624208; 10.221450; 0.000000; 0.000000; 0.000000
2188446549486596; GYRO; 0.008814; 0.043912; 0.045361; 0.000000; 0.000000; 0.000000
2188446568488721; ACC; 0.173043; 2.615828; 10.306233; 0.000000; 0.000000; 0.000000
2188446569339721; GYRO; 0.010804; 0.030997; 0.040492; 0.000000; 0.000000; 0.000000
2188446588340283; ACC; 0.201850; 2.668146; 10.360104; 0.000000; 0.000000; 0.000000
2188446589191283; GYRO; 0.010926; 0.006894; 0.010193; 0.000000; 0.000000; 0.000000
2188446608193408; ACC; 0.143212; 2.654796; 10.365582; 0.000000; 0.000000; 0.000000
2188446609044408; GYRO; 0.016458; 0.013579; -0.011030; 0.000000; 0.000000; 0.000000
2188446628046533; ACC; 0.114414; 2.588889; 10.404808; 0.000000; 0.000000; 0.000000
2188446628897533; GYRO; 0.017471; 0.032603; -0.009861; 0.000000; 0.000000; 0.000000
2188446647899658; ACC; 0.097856; 2.598782; 10.399511; 0.000000; 0.000000; 0.000000
2188446648750658; GYRO; 0.022742; 0.051592; 0.004590; 0.000000; 0.000000; 0.000000
2188446667751221; ACC; 0.162279; 2.575376; 10.328346; 0.000000; 0.000000; 0.000000
2188446668602221; GYRO; 0.038991; 0.045850; 0.002793; 0.000000; 0.000000; 0.000000
2188446687604346; ACC; 0.070773; 2.596244; 10.238525; 0.000000; 0.000000; 0.000000
2188446688455346; GYRO; 0.055083; 0.035552; 0.000419; 0.000000; 0.000000; 0.000000
2188446707455908; ACC; 0.085138; 2.582932; 10.153339; 0.000000; 0.000000; 0.000000
2188446708306908; GYRO; 0.041399; 0.005027; 0.001169; 0.000000; 0.000000; 0.000000
2188446727309033; ACC; 0.044590; 2.648964; 10.179456; 0.000000; 0.000000; 0.000000
2188446728160033; GYRO; 0.015010; -0.001082; 0.001850; 0.000000; 0.000000; 0.000000
2188446747162158; ACC; 0.087877; 2.594903; 10.235403; 0.000000; 0.000000; 0.000000
2188446748013158; GYRO; 0.000576; 0.010437; -0.003875; 0.000000; 0.000000; 0.000000
2188446767013721; ACC; 0.073914; 2.607362; 10.282657; 0.000000; 0.000000; 0.000000
2188446767864721; GYRO; -0.004276; 0.001763; -0.017820; 0.000000; 0.000000; 0.000000
2188446786866846; ACC; 0.045902; 2.597833; 10.411099; 0.000000; 0.000000; 0.000000
2188446787717846; GYRO; -0.009948; -0.019949; -0.019199; 0.000000; 0.000000; 0.000000
2188446806719971; ACC; 0.073550; 2.585268; 10.484440; 0.000000; 0.000000; 0.000000
2188446807570971; GYRO; -0.000855; -0.001466; -0.004887; 0.000000; 0.000000; 0.000000
2188446826573096; ACC; 0.097808; 2.561633; 10.398478; 0.000000; 0.000000; 0.000000
2188446827424096; GYRO; 0.014521; 0.026023; -0.000436; 0.000000; 0.000000; 0.000000
2188446846424658; ACC; 0.099867; 2.634273; 10.346993; 0.000000; 0.000000; 0.000000
2188446847275658; GYRO; 0.014329; 0.020263; 0.000785; 0.000000; 0.000000; 0.000000
2188446866277783; ACC; 0.144447; 2.633018; 10.299329; 0.000000; 0.000000; 0.000000
2188446867128783; GYRO; 0.020769; 0.017226; -0.001449; 0.000000; 0.000000; 0.000000
2188446886130908; ACC; 0.085377; 2.665972; 10.249146; 0.000000; 0.000000; 0.000000
2188446886981908; GYRO; 0.021241; 0.021171; -0.007837; 0.000000; 0.000000; 0.000000
2188446905982471; ACC; 0.059338; 2.695220; 10.181974; 0.000000; 0.000000; 0.000000
2188446906833471; GYRO; 0.017925; 0.026686; -0.008238; 0.000000; 0.000000; 0.000000
2188446925835596; ACC; 0.060200; 2.706434; 10.153465; 0.000000; 0.000000; 0.000000
2188446926686596; GYRO; 0.002670; 0.017069; -0.014172; 0.000000; 0.000000; 0.000000
2188446945687158; ACC; 0.010659; 2.735232; 10.210542; 0.000000; 0.000000; 0.000000
2188446946538158; GYRO; -0.011746; 0.004189; -0.026250; 0.000000; 0.000000; 0.000000
2188446965540283; ACC; -0.060324; 2.726488; 10.291495; 0.000000; 0.000000; 0.000000
2188446966391283; GYRO; -0.008796; -0.004171; -0.024696; 0.000000; 0.000000; 0.000000
2188446985393408; ACC; -0.050594; 2.689934; 10.365409; 0.000000; 0.000000; 0.000000
2188446986244408; GYRO; 0.011746; -0.004346; -0.007522; 0.000000; 0.000000; 0.000000
2188447005246533; ACC; -0.005851; 2.726306; 10.435895; 0.000000; 0.000000; 0.000000
2188447006097533; GYRO; 0.027663; -0.008901; 0.001553; 0.000000; 0.000000; 0.000000
2188447025098096; ACC; 0.066626; 2.688803; 10.452979; 0.000000; 0.000000; 0.000000
2188447025949096; GYRO; 0.042359; 0.001012; 0.004939; 0.000000; 0.000000; 0.000000
2188447044951221; ACC; 0.069777; 2.668424; 10.339715; 0.000000; 0.000000; 0.000000
2188447045802221; GYRO; 0.051557; 0.046845; 0.001292; 0.000000; 0.000000; 0.000000
2188447064804346; ACC; 0.052653; 2.684743; 10.186390; 0.000000; 0.000000; 0.000000
2188447065655346; GYRO; 0.048415; 0.090129; -0.006213; 0.000000; 0.000000; 0.000000
2188447084655908; ACC; 0.035913; 2.663990; 10.039204; 0.000000; 0.000000; 0.000000
2188447085506908; GYRO; 0.030788; 0.082746; -0.025953; 0.000000; 0.000000; 0.000000
2188447104509033; ACC; 0.016635; 2.611308; 10.079876; 0.000000; 0.000000; 0.000000
2188447105360033; GYRO; 0.008343; 0.039444; -0.042987; 0.000000; 0.000000; 0.000000
2188447124362158; ACC; -0.019767; 2.517580; 10.108712; 0.000000; 0.000000; 0.000000
2188447125213158; GYRO; 0.010140; 0.033353; -0.045413; 0.000000; 0.000000; 0.000000
2188447144215283; ACC; -0.081642; 2.483410; 10.120837; 0.000000; 0.000000; 0.000000
2188447145066283; GYRO; 0.016127; 0.034226; -0.027716; 0.000000; 0.000000; 0.000000
2188447164066846; ACC; -0.010956; 2.500782; 10.136466; 0.000000; 0.000000; 0.000000
2188447164917846; GYRO; 0.013928; 0.044104; 0.000593; 0.000000; 0.000000; 0.000000
2188447183919971; ACC; 0.055277; 2.554709; 10.185174; 0.000000; 0.000000; 0.000000
2188447184770971; GYRO; 0.013474; 0.039602; 0.005393; 0.000000; 0.000000; 0.000000
2188447203771533; ACC; 0.038250; 2.606338; 10.164152; 0.000000; 0.000000; 0.000000
2188447204622533; GYRO; 0.022427; 0.047578; 0.008744; 0.000000; 0.000000; 0.000000
2188447223624658; ACC; 0.004827; 2.639454; 10.044030; 0.000000; 0.000000; 0.000000
2188447224475658; GYRO; 0.018256; 0.057683; -0.002409; 0.000000; 0.000000; 0.000000
2188447243477783; ACC; -0.089237; 2.684609; 10.061058; 0.000000; 0.000000; 0.000000
2188447244328783; GYRO; 0.008098; 0.053774; -0.009390; 0.000000; 0.000000; 0.000000
2188447263330908; ACC; -0.112278; 2.687644; 10.031695; 0.000000; 0.000000; 0.000000
2188447264181908; GYRO; 0.010210; 0.057544; -0.005044; 0.000000; 0.000000; 0.000000
2188447283182471; ACC; -0.113456; 2.707833; 9.997306; 0.000000; 0.000000; 0.000000
2188447284033471; GYRO; 0.005882; 0.059463; -0.002269; 0.000000; 0.000000; 0.000000
2188447303035596; ACC; -0.161264; 2.749434; 9.988227; 0.000000; 0.000000; 0.000000
2188447303886596; GYRO; -0.006999; 0.050597; -0.011292; 0.000000; 0.000000; 0.000000
2188447322888721; ACC; -0.234804; 2.770972; 10.013556; 0.000000; 0.000000; 0.000000
2188447323739721; GYRO; -0.002932; 0.052308; -0.018029; 0.000000; 0.000000; 0.000000
2188447342741846; ACC; -0.273207; 2.722629; 9.908126; 0.000000; 0.000000; 0.000000
2188447343592846; GYRO; 0.006580; 0.048433; -0.014957; 0.000000; 0.000000; 0.000000
2188447362593408; ACC; -0.265709; 2.722437; 9.813325; 0.000000; 0.000000; 0.000000
2188447363444408; GYRO; -0.007418; 0.019705; -0.000314; 0.000000; 0.000000; 0.000000
2188447382446533; ACC; -0.192082; 2.667179; 9.800798; 0.000000; 0.000000; 0.000000
2188447383297533; GYRO; -0.017628; -0.017959; 0.006388; 0.000000; 0.000000; 0.000000
2188447402299658; ACC; -0.065774; 2.614583; 9.927998; 0.000000; 0.000000; 0.000000
2188447403150658; GYRO; -0.027192; -0.044087; -0.011118; 0.000000; 0.000000; 0.000000
2188447422151221; ACC; -0.048746; 2.631515; 10.122714; 0.000000; 0.000000; 0.000000
2188447423002221; GYRO; -0.037193; -0.027227; -0.030910; 0.000000; 0.000000; 0.000000
2188447442004346; ACC; -0.158285; 2.614804; 10.175521; 0.000000; 0.000000; 0.000000
2188447442855346; GYRO; -0.032358; 0.014661; -0.034610; 0.000000; 0.000000; 0.000000
2188447461857471; ACC; -0.220841; 2.593007; 10.175529; 0.000000; 0.000000; 0.000000
2188447462708471; GYRO; -0.019059; 0.036355; -0.022462; 0.000000; 0.000000; 0.000000
2188447481710596; ACC; -0.212663; 2.607630; 10.095851; 0.000000; 0.000000; 0.000000
2188447482561596; GYRO; -0.014940; 0.074299; -0.004904; 0.000000; 0.000000; 0.000000
2188447501562158; ACC; -0.257348; 2.603120; 10.100812; 0.000000; 0.000000; 0.000000
2188447502413158; GYRO; -0.000524; 0.079343; 0.009948; 0.000000; 0.000000; 0.000000
2188447521415283; ACC; -0.213381; 2.563874; 9.962551; 0.000000; 0.000000; 0.000000
2188447522266283; GYRO; 0.028222; 0.078941; 0.028117; 0.000000; 0.000000; 0.000000
2188447541268408; ACC; -0.168753; 2.605753; 9.838234; 0.000000; 0.000000; 0.000000
2188447542119408; GYRO; 0.033947; 0.058172; 0.049847; 0.000000; 0.000000; 0.000000
2188447561119971; ACC; -0.156868; 2.665082; 9.756823; 0.000000; 0.000000; 0.000000
2188447561970971; GYRO; 0.032673; 0.046635; 0.047473; 0.000000; 0.000000; 0.000000
2188447580973096; ACC; -0.148919; 2.642624; 9.727948; 0.000000; 0.000000; 0.000000
2188447581824096; GYRO; 0.032865; 0.017558; 0.029217; 0.000000; 0.000000; 0.000000
2188447600826221; ACC; -0.146027; 2.636007; 9.742840; 0.000000; 0.000000; 0.000000
2188447601677221; GYRO; 0.030613; 0.004328; 0.016371; 0.000000; 0.000000; 0.000000
2188447620677783; ACC; -0.109999; 2.580882; 9.722125; 0.000000; 0.000000; 0.000000
2188447621528783; GYRO; 0.014678; -0.001292; -0.000750; 0.000000; 0.000000; 0.000000
2188447640530908; ACC; -0.165698; 2.540842; 9.748548; 0.000000; 0.000000; 0.000000
2188447641381908; GYRO; 0.001361; 0.010838; -0.004241; 0.000000; 0.000000; 0.000000
2188447660384033; ACC; -0.153708; 2.511518; 9.760605; 0.000000; 0.000000; 0.000000
2188447661235033; GYRO; -0.004119; 0.017959; -0.009460; 0.000000; 0.000000; 0.000000
2188447680235596; ACC; -0.189899; 2.524533; 9.776694; 0.000000; 0.000000; 0.000000
2188447681086596; GYRO; 0.002321; 0.005323; -0.006685; 0.000000; 0.000000; 0.000000
2188447700088721; ACC; -0.184354; 2.511709; 9.737793; 0.000000; 0.000000; 0.000000
2188447700939721; GYRO; 0.021660; 0.002723; 0.005288; 0.000000; 0.000000; 0.000000
2188447719941846; ACC; -0.154579; 2.506835; 9.646306; 0.000000; 0.000000; 0.000000
2188447720792846; GYRO; 0.023195; 0.007784; 0.007557; 0.000000; 0.000000; 0.000000
2188447739794971; ACC; -0.188088; 2.539156; 9.599820; 0.000000; 0.000000; 0.000000
2188447740645971; GYRO; 0.010158; 0.011013; 0.009425; 0.000000; 0.000000; 0.000000
2188447759646533; ACC; -0.090941; 2.582692; 9.554790; 0.000000; 0.000000; 0.000000
2188447760497533; GYRO; -0.002461; 0.021450; 0.005829; 0.000000; 0.000000; 0.000000
2188447779499658; ACC; -0.092071; 2.530298; 9.557021; 0.000000; 0.000000; 0.000000
2188447780350658; GYRO; -0.015743; -0.000803; -0.019635; 0.000000; 0.000000; 0.000000
2188447799352783; ACC; -0.224950; 2.585230; 9.657395; 0.000000; 0.000000; 0.000000
2188447800203783; GYRO; -0.022724; -0.029618; -0.024016; 0.000000; 0.000000; 0.000000
2188447819204346; ACC; -0.256888; 2.562428; 9.753422; 0.000000; 0.000000; 0.000000
2188447820055346; GYRO; -0.002217; -0.011519; -0.003211; 0.000000; 0.000000; 0.000000
2188447839057471; ACC; -0.150404; 2.548934; 9.655375; 0.000000; 0.000000; 0.000000
2188447839908471; GYRO; 0.018064; 0.025936; 0.011100; 0.000000; 0.000000; 0.000000
2188447858910596; ACC; -0.111962; 2.614239; 9.562624; 0.000000; 0.000000; 0.000000
2188447859761596; GYRO; 0.008901; 0.023527; 0.000559; 0.000000; 0.000000; 0.000000
2188447878762158; ACC; -0.173149; 2.671699; 9.597866; 0.000000; 0.000000; 0.000000
2188447879613158; GYRO; 0.000244; 0.003456; -0.017802; 0.000000; 0.000000; 0.000000
2188447898615283; ACC; -0.182946; 2.611308; 9.620889; 0.000000; 0.000000; 0.000000
2188447899466283; GYRO; 0.009146; 0.004869; -0.025936; 0.000000; 0.000000; 0.000000
2188447918468408; ACC; -0.209991; 2.552918; 9.532571; 0.000000; 0.000000; 0.000000
2188447919319408; GYRO; 0.018884; 0.028903; -0.023597; 0.000000; 0.000000; 0.000000
2188447938319971; ACC; -0.235053; 2.527061; 9.442004; 0.000000; 0.000000; 0.000000
2188447939170971; GYRO; 0.007767; 0.017872; -0.018692; 0.000000; 0.000000; 0.000000
2188447958173096; ACC; -0.259417; 2.533008; 9.513188; 0.000000; 0.000000; 0.000000
2188447959024096; GYRO; -0.003770; 0.000628; -0.003979; 0.000000; 0.000000; 0.000000
2188447978026221; ACC; -0.220726; 2.539022; 9.529344; 0.000000; 0.000000; 0.000000
2188447978877221; GYRO; 0.010088; 0.002042; 0.000506; 0.000000; 0.000000; 0.000000
2188447997877783; ACC; -0.288731; 2.560484; 9.552664; 0.000000; 0.000000; 0.000000
2188447998728783; GYRO; 0.024557; -0.004730; 0.001553; 0.000000; 0.000000; 0.000000
2188448017730908; ACC; -0.250271; 2.528402; 9.571022; 0.000000; 0.000000; 0.000000
2188448018581908; GYRO; 0.015813; 0.019007; 0.008378; 0.000000; 0.000000; 0.000000
2188448037584033; ACC; -0.291269; 2.564401; 9.585617; 0.000000; 0.000000; 0.000000
2188448038435033; GYRO; -0.006615; 0.031468; 0.009303; 0.000000; 0.000000; 0.000000
2188448057435596; ACC; -0.211954; 2.544261; 9.656084; 0.000000; 0.000000; 0.000000
2188448058286596; GYRO; -0.017506; 0.022427; 0.012235; 0.000000; 0.000000; 0.000000
2188448077288721; ACC; -0.206572; 2.568768; 9.665881; 0.000000; 0.000000; 0.000000
2188448078139721; GYRO; -0.004765; 0.013230; -0.003176; 0.000000; 0.000000; 0.000000
2188448097141846; ACC; -0.245387; 2.563759; 9.668400; 0.000000; 0.000000; 0.000000
2188448097992846; GYRO; 0.005707; 0.014067; -0.003438; 0.000000; 0.000000; 0.000000
2188448116993408; ACC; -0.219673; 2.515482; 9.614329; 0.000000; 0.000000; 0.000000
2188448117844408; GYRO; 0.010577; 0.020944; 0.008622; 0.000000; 0.000000; 0.000000
2188448136846533; ACC; -0.145682; 2.543753; 9.555470; 0.000000; 0.000000; 0.000000
2188448137697533; GYRO; -0.002775; 0.040858; 0.010367; 0.000000; 0.000000; 0.000000
2188448156699658; ACC; -0.177468; 2.623221; 9.615028; 0.000000; 0.000000; 0.000000
2188448157550658; GYRO; -0.009617; 0.032690; 0.000000; 0.000000; 0.000000; 0.000000
2188448176551221; ACC; -0.219491; 2.631036; 9.635647; 0.000000; 0.000000; 0.000000
2188448177402221; GYRO; 0.012758; 0.011362; -0.001536; 0.000000; 0.000000; 0.000000
2188448196404346; ACC; -0.216493; 2.611643; 9.506311; 0.000000; 0.000000; 0.000000
2188448197255346; GYRO; 0.032166; 0.015848; 0.007435; 0.000000; 0.000000; 0.000000
2188448216257471; ACC; -0.198010; 2.625443; 9.366883; 0.000000; 0.000000; 0.000000
2188448217108471; GYRO; 0.018535; 0.025569; -0.004259; 0.000000; 0.000000; 0.000000
2188448236109033; ACC; -0.198259; 2.626056; 9.388536; 0.000000; 0.000000; 0.000000
2188448236960033; GYRO; -0.018361; 0.012531; -0.027873; 0.000000; 0.000000; 0.000000
2188448255962158; ACC; -0.240378; 2.572761; 9.570228; 0.000000; 0.000000; 0.000000
2188448256813158; GYRO; -0.039165; -0.023265; -0.045169; 0.000000; 0.000000; 0.000000
2188448275815283; ACC; -0.330457; 2.547718; 9.749698; 0.000000; 0.000000; 0.000000
2188448276666283; GYRO; -0.013055; -0.023579; -0.043616; 0.000000; 0.000000; 0.000000
2188448295666846; ACC; -0.422806; 2.521573; 9.658296; 0.000000; 0.000000; 0.000000
2188448296517846; GYRO; 0.028972; 0.005253; -0.012758; 0.000000; 0.000000; 0.000000
2188448315519971; ACC; -0.382526; 2.497689; 9.413618; 0.000000; 0.000000; 0.000000
2188448316370971; GYRO; 0.034941; 0.015952; 0.026407; 0.000000; 0.000000; 0.000000
2188448335373096; ACC; -0.239497; 2.525471; 9.229026; 0.000000; 0.000000; 0.000000
2188448336224096; GYRO; 0.009268; -0.000942; 0.032795; 0.000000; 0.000000; 0.000000
2188448355226221; ACC; -0.121788; 2.531772; 9.257306; 0.000000; 0.000000; 0.000000
2188448356077221; GYRO; -0.037559; -0.064944; 0.000192; 0.000000; 0.000000; 0.000000
2188448375077783; ACC; -0.098095; 2.558319; 9.521443; 0.000000; 0.000000; 0.000000
2188448375928783; GYRO; -0.074438; -0.105400; -0.020246; 0.000000; 0.000000; 0.000000
2188448394930908; ACC; -0.177707; 2.506672; 9.829223; 0.000000; 0.000000; 0.000000
2188448395781908; GYRO; -0.060598; -0.099938; -0.030404; 0.000000; 0.000000; 0.000000
2188448414784033; ACC; -0.232439; 2.508376; 9.842534; 0.000000; 0.000000; 0.000000
2188448415635033; GYRO; -0.034627; -0.039602; -0.008779; 0.000000; 0.000000; 0.000000
2188448434635596; ACC; -0.313200; 2.610436; 9.897381; 0.000000; 0.000000; 0.000000
2188448435486596; GYRO; -0.036006; -0.012462; 0.030631; 0.000000; 0.000000; 0.000000
2188448454488721; ACC; -0.091535; 2.607544; 9.893693; 0.000000; 0.000000; 0.000000
2188448455339721; GYRO; 0.003194; 0.029182; 0.041521; 0.000000; 0.000000; 0.000000
2188448474341846; ACC; -0.086890; 2.622743; 9.662548; 0.000000; 0.000000; 0.000000
2188448475192846; GYRO; 0.027192; 0.041033; 0.003560; 0.000000; 0.000000; 0.000000
2188448494194971; ACC; -0.166119; 2.635997; 9.456723; 0.000000; 0.000000; 0.000000
2188448495045971; GYRO; 0.004503; 0.022602; -0.021590; 0.000000; 0.000000; 0.000000
2188448514046533; ACC; -0.262845; 2.638956; 9.550730; 0.000000; 0.000000; 0.000000
2188448514897533; GYRO; -0.014155; -0.004869; -0.036477; 0.000000; 0.000000; 0.000000
2188448533899658; ACC; -0.339507; 2.623384; 9.669424; 0.000000; 0.000000; 0.000000
2188448534750658; GYRO; 0.004311; -0.015429; -0.030247; 0.000000; 0.000000; 0.000000
2188448553752783; ACC; -0.307454; 2.547651; 9.686164; 0.000000; 0.000000; 0.000000
2188448554603783; GYRO; 0.040195; 0.002286; -0.009320; 0.000000; 0.000000; 0.000000
2188448573604346; ACC; -0.226396; 2.493264; 9.622833; 0.000000; 0.000000; 0.000000
2188448574455346; GYRO; 0.043145; -0.004643; 0.007313; 0.000000; 0.000000; 0.000000
2188448593457471; ACC; -0.126854; 2.510790; 9.662452; 0.000000; 0.000000; 0.000000
2188448594308471; GYRO; 0.032254; -0.022480; 0.002164; 0.000000; 0.000000; 0.000000
2188448613310596; ACC; -0.140080; 2.518605; 9.718926; 0.000000; 0.000000; 0.000000
2188448614161596; GYRO; 0.038345; 0.001396; -0.015952; 0.000000; 0.000000; 0.000000
2188448633162158; ACC; -0.211178; 2.429971; 9.542637; 0.000000; 0.000000; 0.000000
2188448634013158; GYRO; 0.054192; 0.053983; -0.023963; 0.000000; 0.000000; 0.000000
2188448653015283; ACC; -0.334843; 2.450485; 9.314029; 0.000000; 0.000000; 0.000000
2188448653866283; GYRO; 0.026145; 0.059097; -0.008988; 0.000000; 0.000000; 0.000000
2188448672868408; ACC; -0.321158; 2.476103; 9.295067; 0.000000; 0.000000; 0.000000
2188448673719408; GYRO; 0.001763; 0.029636; 0.029391; 0.000000; 0.000000; 0.000000
2188448692719971; ACC; -0.235139; 2.522263; 9.336974; 0.000000; 0.000000; 0.000000
2188448693570971; GYRO; 0.006056; -0.006091; 0.044262; 0.000000; 0.000000; 0.000000
2188448712573096; ACC; -0.161781; 2.577243; 9.311874; 0.000000; 0.000000; 0.000000
2188448713424096; GYRO; 0.000890; -0.019757; 0.023213; 0.000000; 0.000000; 0.000000
2188448732424658; ACC; -0.150423; 2.544883; 9.351369; 0.000000; 0.000000; 0.000000
2188448733275658; GYRO; -0.028449; -0.011310; 0.011397; 0.000000; 0.000000; 0.000000
2188448752279346; ACC; -0.168868; 2.605945; 9.520170; 0.000000; 0.000000; 0.000000
2188448753130346; GYRO; -0.049061; 0.001798; 0.014085; 0.000000; 0.000000; 0.000000
2188448772130908; ACC; -0.221923; 2.673490; 9.596880; 0.000000; 0.000000; 0.000000
2188448772981908; GYRO; -0.026459; 0.005271; 0.017977; 0.000000; 0.000000; 0.000000
2188448791984033; ACC; -0.150509; 2.651693; 9.563706; 0.000000; 0.000000; 0.000000
2188448792835033; GYRO; -0.004590; -0.021206; 0.025464; 0.000000; 0.000000; 0.000000
2188448811835596; ACC; -0.070935; 2.650027; 9.596238; 0.000000; 0.000000; 0.000000
2188448812686596; GYRO; -0.019513; -0.029706; 0.011188; 0.000000; 0.000000; 0.000000
2188448831688721; ACC; -0.085808; 2.657478; 9.700376; 0.000000; 0.000000; 0.000000
2188448832539721; GYRO; -0.023021; -0.011414; -0.023300; 0.000000; 0.000000; 0.000000
2188448851541846; ACC; -0.208899; 2.608741; 9.711735; 0.000000; 0.000000; 0.000000
2188448852392846; GYRO; -0.018169; 0.001902; -0.042097; 0.000000; 0.000000; 0.000000
2188448871393408; ACC; -0.288607; 2.543839; 9.705279; 0.000000; 0.000000; 0.000000
2188448872244408; GYRO; -0.014416; 0.017157; -0.027629; 0.000000; 0.000000; 0.000000
2188448891246533; ACC; -0.327402; 2.539817; 9.714693; 0.000000; 0.000000; 0.000000
2188448892097533; GYRO; -0.003787; 0.011380; -0.013282; 0.000000; 0.000000; 0.000000
2188448911098096; ACC; -0.315374; 2.549135; 9.748586; 0.000000; 0.000000; 0.000000
2188448911949096; GYRO; 0.021747; 0.000506; 0.002304; 0.000000; 0.000000; 0.000000
2188448930951221; ACC; -0.296297; 2.538716; 9.666973; 0.000000; 0.000000; 0.000000
2188448931802221; GYRO; 0.042586; 0.007086; 0.006248; 0.000000; 0.000000; 0.000000
2188448950804346; ACC; -0.249284; 2.507965; 9.518254; 0.000000; 0.000000; 0.000000
2188448951655346; GYRO; 0.039375; 0.032341; 0.006946; 0.000000; 0.000000; 0.000000
2188448970657471; ACC; -0.256840; 2.501261; 9.392712; 0.000000; 0.000000; 0.000000
2188448971508471; GYRO; 0.018151; 0.054472; 0.012566; 0.000000; 0.000000; 0.000000
2188448990509033; ACC; -0.188740; 2.501060; 9.335050; 0.000000; 0.000000; 0.000000
2188448991360033; GYRO; -0.011624; 0.011659; 0.005201; 0.000000; 0.000000; 0.000000
2188449010362158; ACC; -0.156044; 2.552928; 9.531049; 0.000000; 0.000000; 0.000000
2188449011213158; GYRO; -0.021468; -0.027419; -0.004485; 0.000000; 0.000000; 0.000000
2188449030215283; ACC; -0.190847; 2.514400; 9.646631; 0.000000; 0.000000; 0.000000
2188449031066283; GYRO; 0.000524; -0.021642; -0.014329; 0.000000; 0.000000; 0.000000
2188449050066846; ACC; -0.253048; 2.548503; 9.538815; 0.000000; 0.000000; 0.000000
2188449050917846; GYRO; 0.015010; 0.022305; 0.007453; 0.000000; 0.000000; 0.000000
2188449069919971; ACC; -0.168389; 2.578057; 9.428117; 0.000000; 0.000000; 0.000000
2188449070770971; GYRO; -0.005498; 0.023719; 0.019513; 0.000000; 0.000000; 0.000000
2188449089773096; ACC; -0.101169; 2.624179; 9.498967; 0.000000; 0.000000; 0.000000
2188449090624096; GYRO; -0.032114; 0.002845; 0.009285; 0.000000; 0.000000; 0.000000
2188449109624658; ACC; -0.115429; 2.610475; 9.606284; 0.000000; 0.000000; 0.000000
2188449110475658; GYRO; -0.018850; -0.007871; -0.017855; 0.000000; 0.000000; 0.000000
2188449129477783; ACC; -0.235637; 2.614899; 9.567517; 0.000000; 0.000000; 0.000000
2188449130328783; GYRO; 0.004608; -0.000314; -0.029775; 0.000000; 0.000000; 0.000000
2188449149330908; ACC; -0.334374; 2.556021; 9.459950; 0.000000; 0.000000; 0.000000
2188449150181908; GYRO; 0.002286; -0.004171; -0.011170; 0.000000; 0.000000; 0.000000
2188449169184033; ACC; -0.303345; 2.548982; 9.518206; 0.000000; 0.000000; 0.000000
2188449170035033; GYRO; -0.001082; -0.005341; 0.019757; 0.000000; 0.000000; 0.000000
2188449189035596; ACC; -0.263065; 2.616767; 9.536105; 0.000000; 0.000000; 0.000000
2188449189886596; GYRO; 0.010769; -0.014120; 0.025639; 0.000000; 0.000000; 0.000000
2188449208888721; ACC; -0.154847; 2.605045; 9.553459; 0.000000; 0.000000; 0.000000
2188449209739721; GYRO; 0.004555; -0.034191; 0.013596; 0.000000; 0.000000; 0.000000
2188449228741846; ACC; -0.148172; 2.584378; 9.695416; 0.000000; 0.000000; 0.000000
2188449229592846; GYRO; -0.012846; -0.026477; -0.005812; 0.000000; 0.000000; 0.000000
2188449248593408; ACC; -0.210019; 2.538208; 9.788061; 0.000000; 0.000000; 0.000000
2188449249444408; GYRO; -0.001344; 0.003124; -0.020735; 0.000000; 0.000000; 0.000000
2188449268448096; ACC; -0.292667; 2.511996; 9.704533; 0.000000; 0.000000; 0.000000
2188449269299096; GYRO; 0.011659; 0.039514; -0.011868; 0.000000; 0.000000; 0.000000
2188449288299658; ACC; -0.265488; 2.475825; 9.547933; 0.000000; 0.000000; 0.000000
2188449289150658; GYRO; 0.019513; 0.064333; 0.015970; 0.000000; 0.000000; 0.000000
2188449308152783; ACC; -0.231778; 2.527520; 9.411588; 0.000000; 0.000000; 0.000000
2188449309003783; GYRO; 0.019042; 0.043773; 0.026581; 0.000000; 0.000000; 0.000000
2188449328004346; ACC; -0.230418; 2.560359; 9.347902; 0.000000; 0.000000; 0.000000
2188449328855346; GYRO; 0.008535; -0.010001; 0.013230; 0.000000; 0.000000; 0.000000
2188449347857471; ACC; -0.281970; 2.571401; 9.373559; 0.000000; 0.000000; 0.000000
2188449348708471; GYRO; -0.005411; -0.024714; 0.010123; 0.000000; 0.000000; 0.000000
2188449367710596; ACC; -0.274012; 2.609124; 9.449464; 0.000000; 0.000000; 0.000000
2188449368561596; GYRO; -0.012531; -0.004625; 0.009041; 0.000000; 0.000000; 0.000000
2188449387562158; ACC; -0.214769; 2.603005; 9.497788; 0.000000; 0.000000; 0.000000
2188449388413158; GYRO; -0.021694; 0.010105; 0.002985; 0.000000; 0.000000; 0.000000
2188449407415283; ACC; -0.235724; 2.608866; 9.602291; 0.000000; 0.000000; 0.000000
2188449408266283; GYRO; -0.028623; -0.003229; 0.006248; 0.000000; 0.000000; 0.000000
2188449427268408; ACC; -0.200558; 2.610781; 9.736452; 0.000000; 0.000000; 0.000000
2188449428119408; GYRO; -0.011764; -0.017209; 0.003962; 0.000000; 0.000000; 0.000000
2188449447119971; ACC; -0.185254; 2.628757; 9.724222; 0.000000; 0.000000; 0.000000
2188449447970971; GYRO; 0.021590; 0.002583; 0.003386; 0.000000; 0.000000; 0.000000
2188449466973096; ACC; -0.160689; 2.558358; 9.549369; 0.000000; 0.000000; 0.000000
2188449467824096; GYRO; 0.034488; 0.024731; -0.000855; 0.000000; 0.000000; 0.000000
2188449486826221; ACC; -0.222852; 2.579743; 9.433337; 0.000000; 0.000000; 0.000000
2188449487677221; GYRO; 0.012723; 0.022427; -0.001571; 0.000000; 0.000000; 0.000000
2188449506677783; ACC; -0.180446; 2.570587; 9.493575; 0.000000; 0.000000; 0.000000
2188449507528783; GYRO; -0.007348; 0.004136; -0.009390; 0.000000; 0.000000; 0.000000
2188449526530908; ACC; -0.234373; 2.575788; 9.574729; 0.000000; 0.000000; 0.000000
2188449527381908; GYRO; -0.006615; -0.001972; -0.019024; 0.000000; 0.000000; 0.000000
2188449546384033; ACC; -0.276473; 2.548034; 9.597023; 0.000000; 0.000000; 0.000000
2188449547235033; GYRO; 0.001396; 0.004660; -0.018919; 0.000000; 0.000000; 0.000000
2188449566237158; ACC; -0.314052; 2.518030; 9.518178; 0.000000; 0.000000; 0.000000
2188449567088158; GYRO; 0.009320; 0.020071; -0.001344; 0.000000; 0.000000; 0.000000
2188449586088721; ACC; -0.273188; 2.497191; 9.428673; 0.000000; 0.000000; 0.000000
2188449586939721; GYRO; 0.005236; 0.020909; 0.015010; 0.000000; 0.000000; 0.000000
2188449605941846; ACC; -0.237668; 2.579513; 9.477150; 0.000000; 0.000000; 0.000000
2188449606792846; GYRO; -0.008081; 0.000646; 0.014573; 0.000000; 0.000000; 0.000000
2188449625794971; ACC; -0.220918; 2.556806; 9.544639; 0.000000; 0.000000; 0.000000
2188449626645971; GYRO; 0.001152; -0.008709; 0.005323; 0.000000; 0.000000; 0.000000
2188449645646533; ACC; -0.208449; 2.545803; 9.521424; 0.000000; 0.000000; 0.000000
2188449646497533; GYRO; 0.005393; -0.008866; 0.006772; 0.000000; 0.000000; 0.000000
2188449665499658; ACC; -0.172890; 2.547297; 9.556169; 0.000000; 0.000000; 0.000000
2188449666350658; GYRO; -0.005445; -0.008063; 0.013020; 0.000000; 0.000000; 0.000000
2188449685351221; ACC; -0.161695; 2.567801; 9.605566; 0.000000; 0.000000; 0.000000
2188449686202221; GYRO; -0.009111; -0.005393; 0.008116; 0.000000; 0.000000; 0.000000
2188449705204346; ACC; -0.185426; 2.640326; 9.563189; 0.000000; 0.000000; 0.000000
2188449706055346; GYRO; 0.001815; 0.022672; 0.001518; 0.000000; 0.000000; 0.000000
2188449725057471; ACC; -0.187887; 2.615368; 9.390337; 0.000000; 0.000000; 0.000000
2188449725908471; GYRO; 0.004154; 0.029391; -0.006772; 0.000000; 0.000000; 0.000000
2188449744910596; ACC; -0.156600; 2.608971; 9.396840; 0.000000; 0.000000; 0.000000
2188449745761596; GYRO; -0.006196; -0.018466; -0.014155; 0.000000; 0.000000; 0.000000
2188449764763721; ACC; -0.142599; 2.608779; 9.425159; 0.000000; 0.000000; 0.000000
2188449765614721; GYRO; 0.005393; -0.058800; -0.022253; 0.000000; 0.000000; 0.000000
2188449784615283; ACC; -0.216570; 2.595573; 9.355343; 0.000000; 0.000000; 0.000000
2188449785466283; GYRO; 0.006702; -0.102381; -0.037909; 0.000000; 0.000000; 0.000000
2188449804468408; ACC; -0.250960; 2.580815; 9.456847; 0.000000; 0.000000; 0.000000
2188449805319408; GYRO; -0.038676; -0.136677; -0.027768; 0.000000; 0.000000; 0.000000
2188449824321533; ACC; -0.149733; 2.467646; 9.749104; 0.000000; 0.000000; 0.000000
2188449825172533; GYRO; -0.044715; -0.073827; -0.020263; 0.000000; 0.000000; 0.000000
2188449844173096; ACC; -0.224490; 2.512331; 9.819484; 0.000000; 0.000000; 0.000000
2188449845024096; GYRO; -0.017139; 0.016633; -0.018535; 0.000000; 0.000000; 0.000000
2188449864026221; ACC; -0.283512; 2.545975; 9.738674; 0.000000; 0.000000; 0.000000
2188449864877221; GYRO; -0.004224; 0.044122; 0.000611; 0.000000; 0.000000; 0.000000
2188449883879346; ACC; -0.238702; 2.502276; 9.739383; 0.000000; 0.000000; 0.000000
2188449884730346; GYRO; 0.014573; 0.031695; 0.024522; 0.000000; 0.000000; 0.000000
2188449903732471; ACC; -0.257099; 2.596924; 9.595826; 0.000000; 0.000000; 0.000000
2188449904583471; GYRO; 0.035238; 0.011938; 0.025517; 0.000000; 0.000000; 0.000000
2188449923584033; ACC; -0.254686; 2.611835; 9.492675; 0.000000; 0.000000; 0.000000
2188449924435033; GYRO; 0.034907; 0.002496; 0.030037; 0.000000; 0.000000; 0.000000
2188449943437158; ACC; -0.224011; 2.594702; 9.500987; 0.000000; 0.000000; 0.000000
2188449944288158; GYRO; 0.028536; -0.003019; 0.034174; 0.000000; 0.000000; 0.000000
2188449963288721; ACC; -0.143786; 2.584818; 9.546592; 0.000000; 0.000000; 0.000000
2188449964139721; GYRO; 0.027175; 0.003979; 0.033231; 0.000000; 0.000000; 0.000000
2188449983143408; ACC; -0.150519; 2.608147; 9.467238; 0.000000; 0.000000; 0.000000
2188449983994408; GYRO; 0.027279; 0.020298; 0.026704; 0.000000; 0.000000; 0.000000
2188450002993408; ACC; -0.184287; 2.629820; 9.412833; 0.000000; 0.000000; 0.000000
2188450003844408; GYRO; 0.020193; 0.010123; 0.021817; 0.000000; 0.000000; 0.000000
2188450022848096; ACC; -0.204752; 2.633057; 9.444935; 0.000000; 0.000000; 0.000000
2188450023699096; GYRO; 0.022113; 0.012095; 0.019844; 0.000000; 0.000000; 0.000000
2188450042699658; ACC; -0.216647; 2.606816; 9.456225; 0.000000; 0.000000; 0.000000
2188450043550658; GYRO; 0.035116; -0.006824; 0.019583; 0.000000; 0.000000; 0.000000
2188450062552783; ACC; -0.156715; 2.526812; 9.433279; 0.000000; 0.000000; 0.000000
2188450063403783; GYRO; 0.038816; -0.044436; 0.027751; 0.000000; 0.000000; 0.000000
2188450082405908; ACC; -0.109674; 2.565598; 9.514701; 0.000000; 0.000000; 0.000000
2188450083256908; GYRO; 0.017977; -0.045710; 0.030491; 0.000000; 0.000000; 0.000000
2188450102259033; ACC; -0.133865; 2.626162; 9.650596; 0.000000; 0.000000; 0.000000
2188450103110033; GYRO; 0.007208; -0.016511; 0.022270; 0.000000; 0.000000; 0.000000
2188450122110596; ACC; -0.140176; 2.618012; 9.609416; 0.000000; 0.000000; 0.000000
2188450122961596; GYRO; 0.022881; 0.036163; 0.016773; 0.000000; 0.000000; 0.000000
2188450141963721; ACC; -0.161101; 2.611088; 9.507212; 0.000000; 0.000000; 0.000000
2188450142814721; GYRO; 0.013107; 0.026337; 0.007819; 0.000000; 0.000000; 0.000000
2188450161816846; ACC; -0.172066; 2.644626; 9.546554; 0.000000; 0.000000; 0.000000
2188450162667846; GYRO; 0.005096; 0.012374; 0.018553; 0.000000; 0.000000; 0.000000
2188450181668408; ACC; -0.094820; 2.622302; 9.539486; 0.000000; 0.000000; 0.000000
2188450182519408; GYRO; 0.025220; 0.024627; 0.016616; 0.000000; 0.000000; 0.000000
2188450201521533; ACC; -0.114280; 2.710313; 9.441257; 0.000000; 0.000000; 0.000000
2188450202372533; GYRO; 0.033510; 0.037542; 0.002094; 0.000000; 0.000000; 0.000000
2188450221374658; ACC; -0.087111; 2.640287; 9.339101; 0.000000; 0.000000; 0.000000
2188450222225658; GYRO; 0.028676; 0.023230; -0.026424; 0.000000; 0.000000; 0.000000
2188450241227783; ACC; -0.126998; 2.633076; 9.294455; 0.000000; 0.000000; 0.000000
2188450242078783; GYRO; -0.021293; -0.013893; -0.050423; 0.000000; 0.000000; 0.000000
2188450261079346; ACC; -0.197292; 2.598389; 9.554149; 0.000000; 0.000000; 0.000000
2188450261930346; GYRO; -0.064054; -0.014870; -0.050597; 0.000000; 0.000000; 0.000000
2188450280932471; ACC; -0.306276; 2.583985; 9.722220; 0.000000; 0.000000; 0.000000
2188450281783471; GYRO; -0.043162; 0.031241; -0.035657; 0.000000; 0.000000; 0.000000
2188450300785596; ACC; -0.329710; 2.573221; 9.662328; 0.000000; 0.000000; 0.000000
2188450301636596; GYRO; -0.015638; 0.046688; -0.007854; 0.000000; 0.000000; 0.000000
2188450320637158; ACC; -0.255749; 2.604604; 9.591650; 0.000000; 0.000000; 0.000000
2188450321488158; GYRO; -0.011257; 0.022707; 0.015865; 0.000000; 0.000000; 0.000000
2188450340490283; ACC; -0.166301; 2.621996; 9.598785; 0.000000; 0.000000; 0.000000
2188450341341283; GYRO; -0.003944; 0.004712; 0.013631; 0.000000; 0.000000; 0.000000
2188450360343408; ACC; -0.197502; 2.643831; 9.575552; 0.000000; 0.000000; 0.000000
2188450361194408; GYRO; 0.009076; 0.013701; 0.000297; 0.000000; 0.000000; 0.000000
2188450380194971; ACC; -0.220286; 2.607506; 9.525102; 0.000000; 0.000000; 0.000000
2188450381045971; GYRO; 0.010332; 0.021415; -0.000157; 0.000000; 0.000000; 0.000000
2188450400046533; ACC; -0.198738; 2.627522; 9.482025; 0.000000; 0.000000; 0.000000
2188450400897533; GYRO; 0.005253; 0.041940; 0.011537; 0.000000; 0.000000; 0.000000
2188450419899658; ACC; -0.175370; 2.654135; 9.400775; 0.000000; 0.000000; 0.000000
2188450420750658; GYRO; 0.004067; 0.051086; 0.017837; 0.000000; 0.000000; 0.000000
2188450439754346; ACC; -0.145165; 2.676631; 9.406579; 0.000000; 0.000000; 0.000000
2188450440605346; GYRO; -0.001274; 0.006632; 0.004294; 0.000000; 0.000000; 0.000000
2188450459605908; ACC; -0.157098; 2.675329; 9.480474; 0.000000; 0.000000; 0.000000
2188450460456908; GYRO; -0.001745; -0.027663; -0.017401; 0.000000; 0.000000; 0.000000
2188450479459033; ACC; -0.203814; 2.631525; 9.497482; 0.000000; 0.000000; 0.000000
2188450480310033; GYRO; -0.003875; -0.011257; -0.030020; 0.000000; 0.000000; 0.000000
2188450499312158; ACC; -0.209904; 2.565809; 9.536067; 0.000000; 0.000000; 0.000000
2188450500163158; GYRO; -0.012409; 0.017244; -0.025011; 0.000000; 0.000000; 0.000000
2188450519163721; ACC; -0.222067; 2.577329; 9.608143; 0.000000; 0.000000; 0.000000
2188450520014721; GYRO; -0.017349; 0.009198; -0.023440; 0.000000; 0.000000; 0.000000
2188450539016846; ACC; -0.275716; 2.579551; 9.696000; 0.000000; 0.000000; 0.000000
2188450539867846; GYRO; -0.008796; -0.007854; -0.021729; 0.000000; 0.000000; 0.000000
2188450558868408; ACC; -0.317433; 2.528737; 9.670085; 0.000000; 0.000000; 0.000000
2188450559719408; GYRO; 0.004974; 0.018309; 0.007941; 0.000000; 0.000000; 0.000000
2188450578721533; ACC; -0.303719; 2.575395; 9.551524; 0.000000; 0.000000; 0.000000
2188450579572533; GYRO; 0.021886; 0.029252; 0.019722; 0.000000; 0.000000; 0.000000
2188450598573096; ACC; -0.161293; 2.553301; 9.414078; 0.000000; 0.000000; 0.000000
2188450599424096; GYRO; 0.015795; 0.027873; 0.016458; 0.000000; 0.000000; 0.000000
2188450618426221; ACC; -0.161302; 2.582300; 9.352662; 0.000000; 0.000000; 0.000000
2188450619277221; GYRO; 0.009093; 0.028170; -0.002653; 0.000000; 0.000000; 0.000000
2188450638279346; ACC; -0.320047; 2.594702; 9.250381; 0.000000; 0.000000; 0.000000
2188450639130346; GYRO; 0.000000; 0.016860; -0.010018; 0.000000; 0.000000; 0.000000
2188450658132471; ACC; -0.356813; 2.648887; 9.292366; 0.000000; 0.000000; 0.000000
2188450658983471; GYRO; -0.026180; -0.007156; 0.014207; 0.000000; 0.000000; 0.000000
2188450677984033; ACC; -0.223820; 2.645248; 9.478061; 0.000000; 0.000000; 0.000000
2188450678835033; GYRO; -0.031364; -0.009599; 0.026389; 0.000000; 0.000000; 0.000000
2188450697837158; ACC; -0.133309; 2.675338; 9.584851; 0.000000; 0.000000; 0.000000
2188450698688158; GYRO; -0.025831; -0.017383; -0.001187; 0.000000; 0.000000; 0.000000
2188450717690283; ACC; -0.133127; 2.652163; 9.631711; 0.000000; 0.000000; 0.000000
2188450718541283; GYRO; -0.016685; -0.013666; -0.035168; 0.000000; 0.000000; 0.000000
2188450737543408; ACC; -0.302914; 2.622015; 9.684642; 0.000000; 0.000000; 0.000000
2188450738394408; GYRO; -0.011711; 0.000698; -0.037682; 0.000000; 0.000000; 0.000000
2188450757394971; ACC; -0.332430; 2.638018; 9.638721; 0.000000; 0.000000; 0.000000
2188450758245971; GYRO; 0.006842; 0.028466; -0.001833; 0.000000; 0.000000; 0.000000
2188450777248096; ACC; -0.269223; 2.666997; 9.515725; 0.000000; 0.000000; 0.000000
2188450778099096; GYRO; 0.018361; 0.030142; 0.014120; 0.000000; 0.000000; 0.000000
2188450797101221; ACC; -0.206773; 2.657526; 9.449559; 0.000000; 0.000000; 0.000000
2188450797952221; GYRO; 0.010542; 0.008796; 0.001274; 0.000000; 0.000000; 0.000000
2188450816952783; ACC; -0.190061; 2.641264; 9.504215; 0.000000; 0.000000; 0.000000
2188450817803783; GYRO; -0.002827; -0.010612; -0.017122; 0.000000; 0.000000; 0.000000
2188450836805908; ACC; -0.260633; 2.635451; 9.565382; 0.000000; 0.000000; 0.000000
2188450837656908; GYRO; 0.000384; -0.002025; -0.023143; 0.000000; 0.000000; 0.000000
2188450856657471; ACC; -0.286528; 2.596052; 9.517546; 0.000000; 0.000000; 0.000000
2188450857508471; GYRO; 0.015202; 0.015673; -0.007173; 0.000000; 0.000000; 0.000000
2188450876510596; ACC; -0.245664; 2.609115; 9.463637; 0.000000; 0.000000; 0.000000
2188450877361596; GYRO; 0.003054; 0.002705; -0.003665; 0.000000; 0.000000; 0.000000
2188450896363721; ACC; -0.249811; 2.562734; 9.547175; 0.000000; 0.000000; 0.000000
2188450897214721; GYRO; -0.003264; -0.005637; -0.015638; 0.000000; 0.000000; 0.000000
2188450916216846; ACC; -0.314598; 2.545544; 9.531767; 0.000000; 0.000000; 0.000000
2188450917067846; GYRO; 0.012235; 0.028623; -0.007557; 0.000000; 0.000000; 0.000000
2188450936068408; ACC; -0.294611; 2.541598; 9.382168; 0.000000; 0.000000; 0.000000
2188450936919408; GYRO; 0.005742; 0.039235; 0.003299; 0.000000; 0.000000; 0.000000
2188450955921533; ACC; -0.208324; 2.538563; 9.392596; 0.000000; 0.000000; 0.000000
2188450956772533; GYRO; -0.028588; 0.013840; -0.000349; 0.000000; 0.000000; 0.000000
2188450975774658; ACC; -0.206840; 2.577617; 9.555862; 0.000000; 0.000000; 0.000000
2188450976625658; GYRO; -0.032428; 0.027943; 0.003072; 0.000000; 0.000000; 0.000000
2188450995626221; ACC; -0.260805; 2.592164; 9.556973; 0.000000; 0.000000; 0.000000
2188450996477221; GYRO; -0.001292; 0.071209; -0.000803; 0.000000; 0.000000; 0.000000
2188451015479346; ACC; -0.219462; 2.598360; 9.370542; 0.000000; 0.000000; 0.000000
2188451016330346; GYRO; 0.001169; 0.080756; 0.003491; 0.000000; 0.000000; 0.000000
2188451035332471; ACC; -0.176185; 2.664928; 9.352288; 0.000000; 0.000000; 0.000000
2188451036183471; GYRO; -0.041225; 0.056357; -0.013963; 0.000000; 0.000000; 0.000000
2188451055185596; ACC; -0.346048; 2.694674; 9.505239; 0.000000; 0.000000; 0.000000
2188451056036596; GYRO; -0.046914; 0.012374; -0.037315; 0.000000; 0.000000; 0.000000
2188451075037158; ACC; -0.440686; 2.634446; 9.591038; 0.000000; 0.000000; 0.000000
2188451075888158; GYRO; -0.021694; -0.024941; -0.032917; 0.000000; 0.000000; 0.000000
2188451094890283; ACC; -0.467904; 2.569859; 9.642456; 0.000000; 0.000000; 0.000000
2188451095741283; GYRO; -0.005184; -0.015080; 0.010489; 0.000000; 0.000000; 0.000000
2188451114743408; ACC; -0.295483; 2.546023; 9.534880; 0.000000; 0.000000; 0.000000
2188451115594408; GYRO; 0.001710; -0.000209; 0.023859; 0.000000; 0.000000; 0.000000
2188451134594971; ACC; -0.257099; 2.608693; 9.455842; 0.000000; 0.000000; 0.000000
2188451135445971; GYRO; -0.014347; -0.006458; 0.000768; 0.000000; 0.000000; 0.000000
2188451154448096; ACC; -0.221674; 2.579676; 9.595463; 0.000000; 0.000000; 0.000000
2188451155299096; GYRO; -0.038868; -0.047997; -0.029653; 0.000000; 0.000000; 0.000000
2188451174299658; ACC; -0.247647; 2.592193; 9.720880; 0.000000; 0.000000; 0.000000
2188451175150658; GYRO; -0.020804; -0.050580; -0.047717; 0.000000; 0.000000; 0.000000
2188451194152783; ACC; -0.277316; 2.537490; 9.641786; 0.000000; 0.000000; 0.000000
2188451195003783; GYRO; -0.004712; -0.030194; -0.056025; 0.000000; 0.000000; 0.000000
2188451214005908; ACC; -0.360682; 2.515234; 9.510784; 0.000000; 0.000000; 0.000000
2188451214856908; GYRO; -0.001745; 0.030962; -0.024208; 0.000000; 0.000000; 0.000000
2188451233859033; ACC; -0.330984; 2.507189; 9.480369; 0.000000; 0.000000; 0.000000
2188451234710033; GYRO; -0.005253; 0.032044; 0.017820; 0.000000; 0.000000; 0.000000
2188451253712158; ACC; -0.168954; 2.550591; 9.444485; 0.000000; 0.000000; 0.000000
2188451254563158; GYRO; 0.014434; 0.033109; 0.043825; 0.000000; 0.000000; 0.000000
2188451273563721; ACC; -0.087647; 2.638755; 9.234628; 0.000000; 0.000000; 0.000000
2188451274414721; GYRO; 0.017087; 0.001885; 0.006004; 0.000000; 0.000000; 0.000000
2188451293416846; ACC; -0.249303; 2.675741; 9.207334; 0.000000; 0.000000; 0.000000
2188451294267846; GYRO; -0.013840; -0.037943; -0.039916; 0.000000; 0.000000; 0.000000
2188451313268408; ACC; -0.323897; 2.598877; 9.267601; 0.000000; 0.000000; 0.000000
2188451314119408; GYRO; -0.055938; -0.086481; -0.048171; 0.000000; 0.000000; 0.000000
2188451333121533; ACC; -0.402858; 2.580614; 9.505364; 0.000000; 0.000000; 0.000000
2188451333972533; GYRO; -0.072606; -0.083078; -0.007487; 0.000000; 0.000000; 0.000000
2188451352974658; ACC; -0.338004; 2.577033; 9.754686; 0.000000; 0.000000; 0.000000
2188451353825658; GYRO; -0.023911; -0.057491; 0.027279; 0.000000; 0.000000; 0.000000
2188451372827783; ACC; -0.224442; 2.637692; 9.601506; 0.000000; 0.000000; 0.000000
2188451373678783; GYRO; 0.028205; 0.009896; 0.019914; 0.000000; 0.000000; 0.000000
2188451392680908; ACC; -0.253402; 2.675827; 9.396629; 0.000000; 0.000000; 0.000000
2188451393531908; GYRO; -0.000332; 0.046112; -0.021502; 0.000000; 0.000000; 0.000000
2188451412532471; ACC; -0.446547; 2.611088; 9.860644; 0.000000; 0.000000; 0.000000
2188451413383471; GYRO; -0.024696; 0.100304; -0.020106; 0.000000; 0.000000; 0.000000
2188451432385596; ACC; -0.273064; 2.419868; 10.561590; 0.000000; 0.000000; 0.000000
2188451433236596; GYRO; 0.147777; 0.268501; 0.039794; 0.000000; 0.000000; 0.000000
2188451452238721; ACC; -0.274356; 2.435660; 10.338517; 0.000000; 0.000000; 0.000000
2188451453089721; GYRO; 0.301872; 0.412142; 0.082729; 0.000000; 0.000000; 0.000000
2188451472090283; ACC; -1.231482; 2.890300; 8.986684; 0.000000; 0.000000; 0.000000
2188451472941283; GYRO; 0.209789; 0.189595; 0.101927; 0.000000; 0.000000; 0.000000
